route_id,number_of_stops,number_of_packages,total_planned_service_time_seconds,average_stop_latitude,average_stop_longitude,geographic_spread_km,average_package_volume_cm3,vehicle_capacity_cm3,route_score
RouteID_db33e978-c952-4922-8d57-6831ed284142,170,290,20112.1,42.435320352941176,-71.05974165882354,0.7357632195599196,10522.42186551724,3313071.0,Medium
RouteID_2859fe5b-2154-4b0d-97d1-1dae8046e5a9,154,289,19120.300000000003,33.697823123376615,-117.75452232467534,0.678786856884926,11470.730003460207,4247527.0,High
RouteID_0861441a-2da3-42cb-a2a3-cea549ad520e,153,241,18806.199999999997,34.12622707843137,-117.57546183660128,0.8036821968369268,13115.950464730293,3313071.0,Medium
RouteID_fdfa5d8f-87cd-45ac-a837-11b15bdc6a47,150,285,16118.099999999982,33.680078353333336,-117.82201386000001,0.5598459146118959,10229.120105263159,3313071.0,High
RouteID_5f318faa-c9d2-4e60-b065-03271f33b21a,148,220,14860.099999999988,33.864012047297294,-117.53759377702704,2.0683147089930802,8853.065609090909,3313071.0,Medium
RouteID_54cdd958-37bb-4862-902c-01ee65a2100c,171,240,13926.800000000005,34.13556928070175,-117.76591474853802,1.2435750410601678,11104.394737499999,3313071.0,High
RouteID_4cd39093-4444-4bee-b342-444a00a70dfc,179,293,18655.199999999993,42.08905210055866,-87.97407043016759,0.9479893439774691,13104.471624573378,4247527.0,Medium
RouteID_311f1462-3ad6-46ec-a49b-f1c774ea5d2b,108,243,14442.600000000008,41.881269916666675,-87.68000413888889,0.865414790697942,10716.69162962963,3313071.0,Medium
RouteID_fc6d2d29-d1cc-4410-873a-9db798d6a6a9,185,260,16091.1,41.92929618918919,-88.28111456216216,1.3134799072185959,9077.970688461539,3313071.0,Medium
RouteID_252e3640-9a9e-4979-aa9d-37346d872352,134,231,13280.099999999991,33.869027619402985,-118.07550456716417,0.8052508422697859,14184.841753246754,3313071.0,High
RouteID_e7c60ed0-023d-42c5-a5ca-d173665b78a3,147,225,18963.900000000005,33.77491544217688,-118.39354585034013,0.6800325366246979,10286.753444444445,3313071.0,Medium
RouteID_fda25deb-f73c-41df-aeca-e14edfc0c8b2,93,194,12800.099999999991,34.036837150537636,-118.2123510967742,0.9154702185084364,8985.768175257732,3313071.0,High
RouteID_bbd19c5d-319d-4d73-aeff-a70e877f062b,145,220,14148.599999999999,42.26006406206897,-71.52366992413793,2.7574592733395673,12445.697645454546,4247527.0,Medium
RouteID_1f592c48-8646-4194-b6a3-d5fd027e11b5,155,242,16779.600000000006,33.92551288387097,-117.85253612903225,1.3282774154311607,9834.88558677686,3313071.0,Medium
RouteID_cafcb29c-ff5b-4cf7-b7bb-03aecc310f62,137,227,15041.699999999986,33.648758240875914,-117.66741489781023,1.0267329258454316,11546.052317180618,4247527.0,Medium
RouteID_92ac7c22-a275-4f96-bca6-90bf9bd34f47,103,206,9512.899999999998,34.09844561165049,-118.38337981553398,0.659031385689547,12969.00599514563,4247527.0,Medium
RouteID_0a8650ca-77d1-459b-a8dd-da8442bbf1cf,142,220,14273.99999999999,47.26310568309859,-122.49705641549298,0.7971960410169578,10384.205222727274,4247527.0,Medium
RouteID_09d597c9-ae5c-4fe8-8379-710bf99f3184,173,246,18617.799999999996,47.93830387861272,-122.21588069364162,1.3285080563614144,12720.847849593496,3313071.0,High
RouteID_21e13e3e-ea4a-4556-8b7f-3ddd7c20b1a9,154,268,21316.09999999999,42.01142138311688,-87.69349733766234,0.7306003692394902,10569.529156716419,3313071.0,High
RouteID_4b0f8b14-9dbf-4cd0-9ad0-f9b6ce31bb4d,96,161,7909.000000000001,34.01671610416667,-117.5792345,1.2403389431743228,11842.537509316771,3313071.0,Medium
RouteID_503e4336-5e92-4d31-ae63-665c8c521373,146,230,17882.7,33.533664253424654,-117.72094722602739,1.1593950893162477,10342.800891304349,3313071.0,High
RouteID_ae563d27-1d0a-4018-b0de-d1f848666aac,172,298,21809.100000000006,33.64783177325582,-117.66594303488372,0.9197227816026265,9656.947338926173,4247527.0,Medium
RouteID_ce9be28a-b6b0-4e9b-b290-09a1463aee7a,154,221,12911.800000000007,33.89352813636364,-117.538529987013,0.9228141438778237,10322.344438914024,3313071.0,High
RouteID_08d62dfb-b7a1-4248-ae10-3c101e8191b3,145,214,16231.299999999992,33.85837419310345,-117.96900892413792,0.750795530923744,9583.851364485983,3313071.0,High
RouteID_c1d47f73-895b-465d-8c4c-a3eeae4bfc87,123,230,20638.000000000015,33.67632589430894,-117.99809038211382,0.7216004591241952,11174.68376521739,3313071.0,High
RouteID_4449a5ec-3a32-4188-86bb-c4c7253de5c2,144,182,14219.900000000001,41.68357549305555,-87.98767120138889,2.6971610520272224,13444.252703296705,3313071.0,Medium
RouteID_f5adea36-6273-46a5-b2d5-28cbf0f2a470,124,201,17310.5,47.59012017741935,-122.06737393548386,1.1006116380993902,11554.00625870647,3313071.0,High
RouteID_debe7647-dc94-46b5-927b-a1777c7c18f4,169,262,14902.999999999987,33.74493781656804,-117.98159375147927,1.129681698416929,11456.625927480916,3313071.0,High
RouteID_f0e76870-9adb-49be-92ff-27c2dae92baf,186,255,14633.69999999999,47.500483725806454,-122.36421741397851,0.966778721149899,11803.87343529412,3313071.0,Medium
RouteID_bbb25783-0a9b-4ecd-a6fd-8f934336a2a6,148,206,14886.700000000004,41.73834987162162,-87.90984202027028,1.5775403111323092,11151.600101941747,3313071.0,Medium
RouteID_921df874-53dd-4478-b398-4fed2587fded,197,274,16876.899999999998,41.83147965482234,-88.07276762944163,1.167314181565497,9377.41352189781,3313071.0,Low
RouteID_4ba0d71d-b87a-4bad-81a8-e4645e118ca4,84,192,17736.30000000002,41.94159282142858,-87.72210292857143,0.4371546400467772,9803.607875,3313071.0,High
RouteID_9c685872-7dc5-4c64-9c81-f86d63e52ec1,170,279,19108.499999999996,47.79169846470589,-122.25395961176469,1.1050277970539686,11279.156956989247,3313071.0,Medium
RouteID_cac31fca-41f1-43fb-b4cf-1c1af9e3480b,149,202,15842.89999999999,42.16386441610738,-71.54202830201342,1.430905186756034,13451.63605940594,3313071.0,Medium
RouteID_603c0c32-083f-46c6-8fb1-6912811af9d0,157,211,18062.2,34.12441221656051,-117.27604121656053,1.9135400845837935,9305.559682464454,3313071.0,High
RouteID_01d0b1c1-2379-49b8-a24f-db0ae01fb2be,201,289,18344.6,34.25241405970149,-118.77882546268657,1.1470463335073267,10697.6833633218,3313071.0,Medium
RouteID_36e2ac14-d135-4292-8095-c25ec5a7d54a,147,228,12419.699999999999,33.82317711564626,-117.82332418367348,1.1288293062915546,10467.007206140352,3313071.0,High
RouteID_efc672fe-d3cc-44af-9334-ac01aa2bf7e8,169,228,14099.800000000001,48.08642496449704,-122.14606244970413,1.4204322597244234,9824.199798245614,3313071.0,Medium
RouteID_92ff1fdd-ad86-4a3d-be81-068a174a5b7b,176,240,13832.199999999995,47.290777806818184,-122.3902701534091,1.0947484230634068,11607.3175875,4247527.0,Medium
RouteID_76a048df-2e7e-4e65-946b-87810f5ffc76,139,252,16893.600000000006,34.1172719352518,-117.54866048201437,0.6567200805018374,8532.233543650793,3313071.0,High
RouteID_6017f7e8-369e-44e5-bd52-7e71e2aeb570,171,275,14336.69999999999,33.60995522807018,-117.68849854970762,0.7790473836215324,10911.981178181819,4247527.0,High
RouteID_3567e694-8715-4064-86eb-042254a67a7f,155,247,18492.899999999998,33.73065115483871,-117.96872618064518,0.9925555033974345,13500.07448987854,3313071.0,High
RouteID_4a0472b0-c5d2-450b-b4fc-9e725092134e,157,249,15491.899999999998,34.111070987261144,-117.8486833057325,1.0321154358934328,10491.083795180724,3313071.0,Medium
RouteID_7501eef4-17c1-4287-be32-8d6614a931b5,167,271,14379.200000000008,42.264830245508975,-70.98355138922155,1.8903022106057723,12041.374704797048,3313071.0,High
RouteID_25141480-1e16-4288-b5cb-a03a227f2dd1,149,217,18912.199999999997,42.25119993959731,-71.76740275838924,1.2742971107654377,11785.781437788017,3313071.0,Medium
RouteID_21a0b6cb-4d86-4a14-9fe0-cc16cbb12aae,107,250,23240.600000000006,42.349881056074764,-71.15369871028038,0.39605048177261754,13785.812103999999,4247527.0,Medium
RouteID_846dc94d-9cbc-43f0-a537-4a81c8d7fa8d,151,237,18588.79999999999,34.009677966887416,-118.26145569536425,0.8697997380760131,8059.864329113924,3313071.0,Medium
RouteID_235d19db-3c94-4c84-9c5a-eb68d02db745,152,252,16541.600000000006,33.79484274342105,-118.34239065131578,0.9024915552785128,10882.919226190475,3313071.0,High
RouteID_7c744e04-75ba-4f80-915c-d838b8a39827,133,245,20488.49999999999,34.025137902255636,-118.36686554135339,0.796711812027277,9583.479171428571,3313071.0,High
RouteID_779fffba-e463-4680-8686-7621c5413453,155,222,15184.099999999991,34.032857335483875,-117.8731976967742,1.4635910355819575,9335.79528828829,3313071.0,Medium
RouteID_cf7177d6-c74d-4cbf-8bf5-00d883e057ec,131,246,22588.700000000004,33.71571245038168,-118.05601229007632,1.2992351392212014,9644.809333333335,3313071.0,Medium
RouteID_5b4e2125-7a25-47aa-b883-3675022011c5,125,188,15777.599999999995,47.584843967999994,-122.05075881599998,0.9228382846198134,11473.219691489363,3313071.0,Medium
RouteID_0ea2374b-9211-4dc0-8797-b6f0e0ef6f2a,156,217,17319.6,47.326819993589744,-122.33791624358975,0.9221753180618762,9461.830341013825,3313071.0,Medium
RouteID_fa4be18d-2db3-4d1c-864b-68476e16b47a,148,202,11197.600000000008,34.15002885810811,-117.5831305810811,1.0220120705502957,9468.785287128712,3313071.0,Medium
RouteID_9febbff8-6e07-4e17-8fac-705b777a1c1c,98,209,18461.80000000002,47.67249046938777,-122.29452942857144,0.41916511232854364,10132.649014354069,4247527.0,High
RouteID_b8f7dfa5-9902-4d30-b52b-d8fb4a2e09c8,122,228,12072.50000000001,47.68171103278688,-122.27403387704918,0.6882153354537613,9847.106543859649,4247527.0,High
RouteID_2c8de355-2af1-429a-9713-4c8ef6684837,178,293,17982.699999999993,47.444990634831456,-122.12245388202247,1.0406596789848808,10536.231672354948,3313071.0,High
RouteID_83d3df50-8ac7-49f6-83e1-b38403dec5c5,183,283,14392.69999999999,34.235831677595634,-118.82497881420764,2.464451658207482,11509.00745583039,3313071.0,Medium
RouteID_1c06cf4d-9283-4bc3-9d85-1c647e4ad0b1,159,274,17389.399999999998,33.62532273584906,-117.65849698113207,0.7731045191761174,10270.272105839416,3313071.0,Medium
RouteID_bd80c28f-cce8-4204-8014-5807c3bb544e,100,225,20464.90000000002,47.587539480000004,-122.29598245,0.6147064367616074,12099.154257777778,3313071.0,High
RouteID_65186a23-6846-40b5-93ef-efa494b67c75,165,269,16630.599999999984,33.997924533333325,-117.65969670303029,0.9602812912435986,10020.831401486988,3313071.0,Medium
RouteID_d79263ec-054c-43cf-a287-ff4b87e61093,175,252,13116.49999999999,33.855508611428576,-117.60110253142858,0.9158766410626634,9682.67459126984,3313071.0,Medium
RouteID_d43a62bc-af7c-48e1-91f4-7ef8b80d67fb,144,239,18197.999999999985,42.34907455555555,-71.23007779861112,1.4189868134909214,11761.181029288702,4247527.0,High
RouteID_7d8eb7d9-3719-478f-b62e-0d9b41e754b1,179,281,16407.400000000016,42.07315732402234,-87.9850349329609,0.9928156795349422,12338.254640569394,4247527.0,Medium
RouteID_c792a5cb-93e2-48aa-8cdb-4a6c61213032,153,204,11332.8,42.26075055555556,-71.47083333333333,1.597074387776261,12262.39937745098,4247527.0,High
RouteID_427573e2-0faf-4139-abb8-21426b741772,192,264,14022.699999999997,42.10487868229166,-88.06704018750001,1.131754491799931,11302.746087121212,4247527.0,Medium
RouteID_f1ccc89d-28cd-47ae-af02-7d5720d642f6,88,163,15159.800000000008,34.13873126136364,-118.66856175,1.0601360132425388,13526.979650306746,3313071.0,Medium
RouteID_18cdb5c9-0e9e-4dec-a774-e6052381c803,145,277,15031.40000000001,33.59700448275862,-117.74097328965516,0.7625095593059866,10744.014480144404,4247527.0,High
RouteID_0f6698fc-5c29-4f27-86a3-e6a22c8051ca,143,276,18310.100000000006,33.77011297202798,-118.11476941258745,0.9402287952735402,9937.115692028985,3313071.0,High
RouteID_e2b2ca7d-fe54-412f-9082-21fce716f2f2,204,275,18624.200000000004,41.72556423039216,-88.11892252450978,1.4643277656910896,10455.303909090908,4247527.0,High
RouteID_4e64eea8-784f-4486-90ba-572700a16933,117,210,17214.899999999983,47.24408693162394,-122.45313615384615,0.7168215121414011,9362.436723809524,4247527.0,Medium
RouteID_6365c696-1805-4140-ab13-960962175726,152,209,16972.699999999997,34.030149361842106,-117.87715574342106,1.0251869163597915,13006.70551674641,3313071.0,High
RouteID_1cbd09cc-61a3-4299-8220-a911afacbc74,181,252,16753.09999999999,47.434010259668504,-122.33957579005525,1.0803907103690857,10324.280519841268,3313071.0,Medium
RouteID_50797270-cb23-4f82-8782-fd0a7c05dddc,179,251,10211.500000000004,34.130029726256986,-117.6430183631285,1.5578164066319191,10082.228677290837,3313071.0,Medium
RouteID_24ad2458-3a01-4adf-852e-421b81dc340e,195,297,12629.100000000006,47.817357358974355,-122.22610723589743,0.9958308034816634,9441.56668013468,3313071.0,Medium
RouteID_8473609b-c65e-4497-9d1b-6a69c5dbb314,139,246,8358.800000000005,42.07873961151079,-88.04709186330935,1.048966333443495,10783.885715447153,4247527.0,Medium
RouteID_60213f3a-0b5f-46f2-b15d-7877cd7b263d,163,252,16300.200000000006,42.11726821472392,-88.01034586503067,0.9659733894303366,13111.983682539681,4247527.0,Medium
RouteID_9ddabf0d-92e7-45ba-a225-8766d6a6d979,166,237,15101.800000000007,34.03186045783132,-117.72778502409638,1.4285760892563595,10451.529312236285,3313071.0,High
RouteID_da0dfec9-0486-488c-a5f1-b790e26ef4b4,188,265,18256.600000000006,41.762054260638294,-88.09917772340427,1.4251914874640295,14577.578381132074,4247527.0,Medium
RouteID_7edc87bc-0ae8-4504-8dd2-b7b6d76c1689,149,254,18159.999999999985,41.78825908053692,-87.93867290604027,1.1372032411748145,10705.507767716535,3313071.0,Medium
RouteID_37edd3c9-f472-450f-a2ac-2e770920fbfa,66,209,24235.299999999974,34.06647330303031,-118.45930254545455,0.4386821563620463,10370.21772248804,3313071.0,High
RouteID_810bc542-93f4-46b4-a32d-2d36f39e2901,152,226,19451.9,33.82869214473684,-117.81207830263159,0.9080321771563198,11288.820194690265,3313071.0,Medium
RouteID_7b73f846-9017-4b78-ab33-435ca8fd6961,155,233,15666.700000000013,42.4078600516129,-87.90663752903227,2.5212888182513207,11288.220884120172,4247527.0,Medium
RouteID_4848e48f-2d39-4306-a83b-d866172a9a6a,130,222,15278.50000000001,34.15553996923077,-118.60732492307692,2.1438595444041266,14352.726387387385,3313071.0,Medium
RouteID_e5df9458-6dbd-4126-8fce-306d49d377f1,139,265,20986.700000000015,33.41547511510791,-117.60991305755397,0.6031277373577079,10403.61659245283,3313071.0,High
RouteID_5c254029-6aa3-47f9-885b-1fc0d5e19c31,163,274,13431.599999999995,34.12885614723926,-117.54037551533742,0.9308261653965668,11324.066211678832,3313071.0,High
RouteID_f0fcfb07-8650-4439-a3b5-4550b021980c,144,255,14452.200000000012,33.630746861111106,-117.70729065277777,0.7993291085145418,12936.953003921568,4247527.0,High
RouteID_eab2f503-0f54-4571-bb4a-402b71472c0c,162,263,18184.199999999997,33.96950599382716,-117.56344589506172,0.8118609264630552,9017.327315589353,3313071.0,High
RouteID_de45d589-c1a3-40c8-9618-f2fec5f58556,150,290,13401.399999999992,34.10195888,-118.27837076666663,0.6121402700691101,11076.354613793103,3313071.0,High
RouteID_1978b59e-63bf-4965-99e6-2885c88b2d00,153,221,13829.0,47.906634496732025,-122.30807890849674,0.9517851268494106,11561.333687782804,3313071.0,High
RouteID_d15b4c3f-319f-40da-a9e5-2e0fdc4b7fca,121,269,16637.4,34.016168371900825,-118.43225389256199,0.600402952289396,11538.182535315986,3313071.0,Medium
RouteID_d9c68012-00f1-4711-abbe-7a1ebf1c3899,149,205,17289.9,47.36374459060403,-122.19479164429534,1.4769094468434005,11931.234512195122,3313071.0,Medium
RouteID_3abb8cde-e4a3-4fa9-80d5-d711d2006afe,123,260,12000.999999999985,33.69258077235772,-117.74259853658536,1.272113372917061,11186.472673076922,4247527.0,High
RouteID_b84132b5-928f-426d-a93f-c1f51fe8a2e8,146,228,16235.900000000005,47.440788041095885,-122.12278631506851,1.0167057645748938,14038.721894736844,3313071.0,High
RouteID_fa07d962-0b8a-44a4-a0c2-9c09f6766e0c,167,263,13292.39999999999,47.68738090419162,-122.19412000598801,0.7496720567052717,9144.240790874524,3313071.0,High
RouteID_54c96270-28dc-456b-9a33-6e1650a8317d,158,213,14101.200000000004,42.06083693670885,-71.2477345886076,2.294337428495003,11861.060802816899,4247527.0,Medium
RouteID_384bafad-5604-4bd9-9bad-fcf240635cd2,175,260,15954.800000000007,33.84223849142857,-117.58691538285716,1.060165262579791,11179.61075769231,3313071.0,High
RouteID_a0e771bd-a39b-4f2a-80eb-97942deb8251,172,228,14435.699999999997,42.003464895348834,-71.24707399418605,2.6133359639390745,11417.107719298243,4247527.0,Medium
RouteID_844b64be-251f-4882-b18a-23a5507aa378,176,279,11590.499999999996,42.064333539772726,-87.97951572159091,1.2583240762135621,12035.256315412185,4247527.0,Medium
RouteID_5cd92188-c7a1-4964-a84d-58bd85596502,142,215,17237.599999999984,47.44573842957747,-122.20937561971832,1.2628589660582075,13010.697013953488,3313071.0,High
RouteID_db67fcf2-0ac1-4a1d-9a5e-047eeee6e761,146,227,18447.399999999998,34.108941335616436,-117.79650178767122,0.8581887878547398,8844.524607929516,3313071.0,Medium
RouteID_ec27f767-b382-4b10-986f-dbcee9759a03,174,229,16415.200000000008,42.44711622413793,-87.86581981034482,1.9639924609827124,12521.965746724889,4247527.0,High
RouteID_bfed049b-af16-4a81-99aa-28b1dedce5f3,134,276,22337.5,34.03807244029851,-118.39042579850747,0.5843650637422204,10792.541760869566,3313071.0,High
RouteID_4b4d8e72-7e4d-4a97-94c3-1c2b653c8503,114,183,17988.8,47.21116299999999,-122.5457506754386,0.7715703411608451,12216.765409836065,4247527.0,High
RouteID_eaffb2c8-c18e-4c97-a03c-90a231690f0a,189,281,17522.199999999997,47.8367894126984,-122.20518673015873,0.9500752766603728,11383.140039145906,3313071.0,Medium
RouteID_706decfb-7c3a-4b94-828e-b9116a474e2f,132,181,16655.399999999987,47.215695515151516,-122.55907825757575,0.803187765207809,12317.393790055248,4247527.0,High
RouteID_13f2e810-115c-4553-ae4c-fe694e794433,122,174,17134.8,47.21313043442623,-122.56014775409837,0.776468419500571,10324.921505747127,4247527.0,Medium
RouteID_4eaa5670-c2e9-44e9-bffa-09e24592c22d,181,293,18787.799999999985,33.82673046408839,-118.36235862430938,0.8696531460510243,10252.106467576792,3313071.0,Medium
RouteID_0aa7e7aa-97d6-4614-882e-4e24f0790a0e,164,231,13807.599999999988,41.76191409146341,-71.35020035365854,0.9518723835786602,12865.116766233767,4247527.0,Medium
RouteID_6cee0ebf-fc14-4e87-950f-9131f41d2c85,194,292,19986.300000000014,47.43562717525773,-122.1597859742268,1.1913653792155758,10646.20810958904,3313071.0,Medium
RouteID_8b88be80-cb9a-46a2-95fb-8446b58480c4,179,269,15751.200000000006,41.78871049162011,-87.8986174301676,1.6039086820530597,10487.510810408921,3313071.0,Medium
RouteID_5c41535e-faa9-4225-a030-c0221910e81d,72,219,13926.299999999996,33.98391848611111,-118.46702099999999,0.2997371903341264,13747.226552511416,3313071.0,High
RouteID_179181f0-41a6-49cd-a263-c72efd0b0b3b,162,230,15632.999999999995,42.18501824074074,-88.0592526419753,1.9023483475787784,12198.220373913042,4247527.0,Medium
RouteID_4895db7d-cd33-40e5-a1b1-e6259fc02528,133,290,21973.000000000004,33.880981669172925,-118.40186686466164,0.8064371671432102,10947.360186206895,3313071.0,High
RouteID_c3d7ed5a-9905-482b-b9fc-b8f2dcdc7ea5,194,284,17756.399999999994,33.75629434020618,-117.88782283505157,1.087827311723139,9882.911862676057,3313071.0,High
RouteID_f69917e2-b7c9-40de-b0a9-2b79071319e0,160,269,16945.5,33.6979461625,-117.9840593625,0.7248170159476279,11401.832918215614,3313071.0,Medium
RouteID_6c9200d4-7353-4245-a4e1-cc6ca0573164,132,223,18576.19999999998,41.966286000000004,-87.72556396212121,0.7730600582952757,10924.726331838565,3313071.0,High
RouteID_490bc1a9-1899-41f2-b05f-e88a2bc18570,169,227,12426.8,42.310135532544386,-71.33345994674556,1.3444267340525933,10729.768973568282,4247527.0,High
RouteID_e0efee22-3f62-4b52-94e6-497d9cf40cbe,188,282,15459.200000000008,42.289884691489355,-71.24911708510638,0.9352418986598707,14873.06624822695,4247527.0,High
RouteID_ac838929-a378-4614-86e7-467e5f310571,166,255,16228.699999999993,33.87099539156627,-118.18801639759039,1.5191452306798976,9889.103662745098,3313071.0,Medium
RouteID_8a205059-abac-4869-b8e8-75880d60e2e6,169,222,15197.700000000003,42.26109979289941,-71.35021277514794,2.226267632666862,12216.213162162161,4247527.0,Medium
RouteID_dc591c50-1e38-46c2-9a01-e4bc9dcfe60f,180,268,14096.400000000001,33.83900175555556,-118.00690802777778,0.9865865978168737,9070.900175373135,3313071.0,Medium
RouteID_9face60f-ed2d-42bf-9a48-215ce09d17de,207,271,10563.000000000004,41.832212855072456,-88.36170061352657,2.5455422785807604,11288.671756457565,3313071.0,Medium
RouteID_31e2e8f4-23b4-40c9-898a-2e5e9afddb55,60,180,19596.49999999998,42.34847136666667,-71.07147323333334,0.3959226245937208,10782.555555555555,4247527.0,High
RouteID_5b6069c5-1b9f-46a6-b1f1-0e4e6dea6a6d,179,242,15690.0,34.12180411731843,-117.38209369832403,1.5126787597639406,9985.584789256196,3313071.0,High
RouteID_559b59f7-ca9e-46b3-ab04-28c7c2007740,169,219,15884.099999999991,42.16667986390532,-71.24508886390532,1.5482038965777862,11708.022881278539,4247527.0,High
RouteID_ff709338-da35-4864-ab32-6bcd8b75f953,192,299,11748.500000000002,33.73383838541667,-117.43866752083333,2.0035796628028,10702.39543478261,3313071.0,High
RouteID_c1d7e46f-9f83-46e3-abc6-33964a56f25a,131,222,10368.600000000002,33.63719699999999,-117.86800467938932,0.66232818860713,11707.534193693697,3313071.0,Medium
RouteID_b9bd35bd-444f-48fb-8345-5e8f74d241c6,213,285,15839.100000000006,41.72636157276996,-87.69260305164318,1.8076100500223304,10234.57565614035,4247527.0,Medium
RouteID_5adcf2b9-f7e2-4db7-b0e0-ef1231ea1bb6,118,215,11044.299999999996,34.12278475423729,-118.36043566949152,0.9408720842878742,12350.855948837214,3313071.0,High
RouteID_c973a5df-ac04-48dd-a5ed-1c1bac092dba,141,194,11687.599999999999,30.26834197872341,-97.61368736170212,4.028658608409324,9762.153850515464,4247527.0,High
RouteID_94c047d2-6bad-4042-8ca8-d687b563e82f,157,232,18322.1,34.151945515923565,-117.53249931210192,0.8622561078067115,10751.893245689655,3313071.0,High
RouteID_c91485bf-fd08-41a4-821c-52c0cfdac40c,104,236,18589.29999999999,41.967551365384615,-87.70433768269231,0.45140091647629854,11631.787419491524,3313071.0,High
RouteID_8b1bd51a-db57-4e97-9301-5ccd6250d9b1,147,230,17850.399999999994,34.06194370068028,-117.12267817006803,1.618542984153528,10734.473717391305,3313071.0,Medium
RouteID_7dc5167c-6cc3-4852-9273-6aebad858c23,129,232,19167.4,34.17136424806201,-118.44115692248062,0.5463086210301803,10522.520797413794,3313071.0,High
RouteID_4b35ee2e-75b7-4286-97cd-0a559e3b230c,149,238,13347.599999999997,33.89377596644296,-117.79247144295303,0.9078843739984033,12831.139142857144,3313071.0,Medium
RouteID_30d661ec-021c-4471-b4b6-6a145e3d5a8e,148,257,14580.800000000016,33.714523412162166,-117.98452539189188,0.7852540348915492,8878.465322957198,3313071.0,Medium
RouteID_af5bc3c7-79aa-4573-8d6e-bd2f658efce2,192,258,13735.000000000004,42.00327277604166,-88.06679002083335,1.6742538929253226,8982.856581395348,4247527.0,High
RouteID_aac23a01-8ec0-4b1e-ba40-ce249b0d7068,122,265,13201.099999999988,42.35371717213114,-71.16970509016393,0.5327009498585539,12002.179683018867,3313071.0,High
RouteID_20e05455-9fd9-46a2-a16d-74fbd4a9e32e,164,258,10842.000000000004,33.6406766402439,-117.65667053658537,1.0860912111937195,11145.977507751939,3313071.0,Medium
RouteID_10024d74-e0b7-40d3-86b1-996ece1d15fc,92,178,17494.4,42.25263480434783,-71.8145961521739,1.0745208389260426,9267.169174157303,3313071.0,Medium
RouteID_27e7a3e3-8200-4625-9413-73d5ae9e75d5,143,281,14874.499999999998,33.79180886013986,-117.77085476923075,0.7793613631569877,11133.102676156583,3313071.0,Medium
RouteID_34c6f9ec-7801-4c31-a828-badcf539b5a3,152,263,16269.7,47.35540284868421,-122.02146274342105,0.9780550527861891,12083.1869391635,3313071.0,Medium
RouteID_d70b1269-825c-416f-9976-d5ec8a534f1f,139,232,15920.400000000001,33.59714969784172,-117.74329794964028,0.76122541757676,10195.031422413793,4247527.0,High
RouteID_3705a456-1cd9-49de-9651-bed8bf6ae7e9,118,220,10355.5,42.04148463559322,-87.87101196610169,1.240259289306605,11008.677181818184,4247527.0,High
RouteID_e9939a49-8f0d-439f-80d9-1840dc1376ca,165,240,13136.200000000003,42.22508795151516,-71.6843258909091,2.1526528669295706,12827.569412499999,3313071.0,Medium
RouteID_92b6416c-948f-4ee6-ac45-d9a4ebc0daf2,143,272,17518.699999999983,42.27142006293706,-71.01466691608393,0.5492656044346099,11859.525209558822,3313071.0,High
RouteID_cca2384e-555e-49de-ae11-f83ec059eff7,176,263,15399.3,34.12884675568182,-117.5438915625,1.069507197264381,10236.529292775665,3313071.0,Medium
RouteID_16d09eb9-d328-47b6-ae81-9dc0f19737ba,147,241,19251.19999999999,33.83024759183673,-117.89817904081632,0.748569947897873,10522.324763485478,3313071.0,High
RouteID_86235826-5f33-4c53-ad84-d3cea65dc36d,162,227,13783.79999999999,42.11426438271605,-88.1044581728395,1.6383313938519273,15036.415140969162,4247527.0,Medium
RouteID_84e80daf-e931-443f-a83d-83d52d0d4d91,186,265,14404.300000000005,42.12582252150538,-71.66132197311828,1.58404968123422,12698.241120754716,4247527.0,Medium
RouteID_cc891bcc-8a62-49ce-a999-a790db05965f,207,273,13375.000000000004,42.00058920772947,-88.16960769565218,1.5401222818048501,8024.606556776556,4247527.0,Medium
RouteID_a2fba985-1839-440a-a790-4bf5a2256c29,204,275,13517.699999999995,42.147678269607844,-71.0466150245098,1.9478594447997433,11385.072407272726,4247527.0,Low
RouteID_b6655a1f-a838-46d2-9d6a-8c48b1ebe11d,106,251,17749.2,47.686192235849056,-122.32275250943397,0.5644620872483783,12348.354812749005,4247527.0,High
RouteID_57337783-1c1d-4917-b828-6bee33d858f2,66,268,11557.899999999994,41.9313781969697,-87.66697186363636,0.4389553077488528,10646.845514925373,3313071.0,High
RouteID_be4a5318-30b0-4446-aed2-0660df6853e6,163,220,11829.3,42.257355226993866,-71.64886534969325,2.1597991912810883,11545.80672727273,3313071.0,Medium
RouteID_038fd948-9740-446a-b3ee-6f2b0f4ce1b1,195,271,16660.800000000003,33.733579261538466,-117.87409117435898,1.111898572341047,11478.640944649449,3313071.0,High
RouteID_e97b9afc-7b6d-4139-8d09-be696884e30c,143,285,17875.800000000014,33.773997510489515,-118.13025325874126,0.8960331230208401,10728.0686877193,3313071.0,High
RouteID_f74910b0-13b8-4c55-8cd9-925c740ee281,160,216,13859.50000000001,42.0668816875,-71.32140206874999,2.222129138351088,13743.366097222224,4247527.0,High
RouteID_29b8a0f0-7b87-44a8-9af8-07858bc540ed,139,187,10977.900000000001,42.55257273381295,-71.49052026618706,1.7476719532035767,10760.238160427807,4247527.0,Medium
RouteID_e9de5a97-feb0-406f-8e5e-b2d46307f639,171,247,14089.899999999996,33.967695000000006,-118.25035751461988,1.224630954858611,10281.567882591093,3313071.0,High
RouteID_b9325966-394c-43b4-9d93-deccb1125569,159,243,15421.200000000006,33.97938171069182,-117.00861722641508,3.567299401516266,9513.48438271605,3313071.0,High
RouteID_5bf96cc3-6bb3-48cc-8cbf-8697f1424c45,170,214,12610.5,47.499672358823524,-122.36069648823528,0.9942630627897365,10913.166107476634,3313071.0,Medium
RouteID_dbd619f1-891a-4a52-a459-e8293307548a,199,290,15853.099999999995,47.866744160804025,-122.30800517085426,0.9504344544290007,10636.139362068965,3313071.0,High
RouteID_763de3b7-15c7-43de-af9d-9d5a3e43595e,136,290,22580.699999999997,34.15542011029412,-118.35676331617647,0.7374728490073525,10949.779486206897,3313071.0,High
RouteID_285e625d-bc90-4c58-aa34-b2ea3e5d7dbc,159,214,13466.999999999998,42.16556707547169,-88.26490857232704,1.9257236766519226,11386.71494859813,4247527.0,Medium
RouteID_655348b1-861c-476d-9816-611f68b6bf33,136,234,18972.40000000001,47.68993017647058,-122.30014853676472,0.5747601619372437,11921.768423076925,4247527.0,High
RouteID_96d031ae-6ad3-41ba-b40d-c33d5d977209,102,254,21731.900000000012,41.96988884313727,-87.70235450980392,0.4898950882202921,12034.19374409449,3313071.0,Medium
RouteID_366e024d-fbc2-4136-94b0-489dfd8ba957,93,228,19175.30000000001,30.25314041935484,-97.7588876451613,0.6520651674726441,9447.322609649122,4247527.0,High
RouteID_9de33f41-1a87-4158-96d4-87775df16053,169,279,18832.8,42.129590023668634,-87.82698668639054,0.886714035256303,9861.392301075268,4247527.0,Medium
RouteID_00e7fcc6-2f6d-4054-b9ca-e190fa4ecdce,166,231,12396.3,33.88510602409638,-117.77434252409638,0.8467601200634993,11275.924831168832,3313071.0,Medium
RouteID_f7d95bb5-dae9-4400-9a05-4ea10ec84a8e,149,206,13473.0,42.164742093959724,-70.8255356510067,2.325959096608186,16580.311660194173,4247527.0,High
RouteID_f6ff24e9-d303-429f-bc4e-46463d85365f,183,250,14089.999999999998,33.844376612021854,-117.5466685409836,0.9662572348500373,9578.662092,3313071.0,Medium
RouteID_5affbcef-7a2e-4d5f-a8a2-976115852193,164,233,15263.899999999992,33.891287213414635,-117.52869744512198,0.7887243399194178,10746.789725321889,3313071.0,Medium
RouteID_ace28dd4-da5e-4010-a71b-a6506b41019d,121,176,12282.99999999999,47.24590630578513,-122.54395149586777,1.0702616367723052,11350.75488068182,4247527.0,Medium
RouteID_3da7a128-1dd6-46bc-9446-b0210d1c63b4,101,251,13601.599999999997,34.10135141584159,-118.29665810891086,0.6363361851065383,10494.393988047808,3313071.0,High
RouteID_aef41fd5-7618-4f22-9a32-d5a2f3444ea0,141,199,13594.800000000003,34.14795526241135,-117.45379367375885,1.0658105094723958,10687.886100502512,3313071.0,High
RouteID_267c2f73-ca2e-408f-8709-a31ad15d1e02,147,207,15336.2,42.30448365986395,-71.4159330952381,1.8673769416945556,11892.793512077296,4247527.0,Medium
RouteID_d6708857-b718-489a-bce7-8ed2683b50f6,142,215,17191.4,34.10724999999999,-117.8202641830986,1.3350503287169337,9238.857172093023,3313071.0,Medium
RouteID_66df5461-03d8-4634-9ae2-30dca7692b21,142,224,12291.800000000007,42.34325151408451,-71.22722971830984,0.917876383624901,15016.612245535714,4247527.0,Medium
RouteID_db17c3df-45c8-40d6-883a-bf2759460a51,168,250,16340.300000000017,33.837977244047615,-117.80721243452379,1.2861869345609473,13101.877219999998,3313071.0,Medium
RouteID_d1390cd0-5f7c-4127-9ba9-448d9d1a4ead,164,277,19216.99999999999,41.986681560975605,-87.71273795121951,0.8401227161837101,10222.566483754514,3313071.0,High
RouteID_44585757-796e-4db2-93b6-f5c7b27f42e3,115,231,17499.399999999987,42.284040182608706,-71.67783915652173,1.914165808096229,12723.85056277056,3313071.0,Medium
RouteID_824514fd-2a77-46e8-bc46-7262cd9a0576,191,279,14057.399999999992,42.10304896335079,-87.98481689528796,1.4646084577725476,13500.181093189964,4247527.0,High
RouteID_3792abbe-67d1-4ea1-a128-3700b2aaf247,160,243,16931.999999999996,33.874340175,-118.11827534375,0.9206006919770854,9069.640596707819,3313071.0,High
RouteID_b9f2a7ea-a444-4903-9089-7ffef65bd799,160,225,16067.199999999997,41.901292624999996,-88.12731711875,1.63805565753082,11517.694475555556,4247527.0,High
RouteID_b6ca934d-3854-4d52-8178-5c6a97229595,161,270,15548.899999999987,47.724698298136644,-122.22401242857143,0.9029211231154322,12105.192477777777,3313071.0,Medium
RouteID_0021a2aa-780f-460d-b09a-f301709e2523,154,219,14729.700000000012,33.85229848051948,-117.77344328571431,1.1202924670103458,10944.9293652968,3313071.0,High
RouteID_cd69750e-42f3-450c-a0b1-448219c3a34e,155,228,15557.199999999999,33.89628909032258,-118.00617072258063,0.7958513861476398,8749.909785087719,3313071.0,Medium
RouteID_706d5e58-2b44-4fa3-823f-54ee97bd38c8,193,269,12967.599999999995,42.0093300984456,-88.10167003626944,1.2857784526966063,13040.919546468402,4247527.0,Medium
RouteID_a9089a2d-bb87-4449-8517-a0eb5477cd46,161,242,14382.300000000007,42.26677354658385,-71.64361083850932,1.9887778837616696,11605.967276859505,3313071.0,High
RouteID_06751fe1-263c-441a-b482-f7c5d8295c39,97,197,17129.800000000007,47.65914489690722,-122.32302865979382,0.3808069839329354,12915.833883248728,4247527.0,Medium
RouteID_28704a32-2025-49c6-8a0d-694dba171b5b,108,250,13162.900000000014,34.09360365740741,-118.28699887037037,0.5126393753915239,10223.99648,3313071.0,High
RouteID_7e3f308e-2acd-4b98-baa4-740b350ae8b0,112,207,18372.999999999993,33.78632091071428,-117.9124987142857,0.7201909672509277,10040.583710144927,3313071.0,Medium
RouteID_6a22aca7-1631-4be6-9577-50e3ce2b0dce,125,238,20725.00000000001,33.665754504,-117.99292080800001,0.6923368401721787,10124.200474789917,3313071.0,High
RouteID_5308438b-7afd-406c-afee-83f1e2aa6fe9,206,281,14847.89999999999,47.907007461165044,-122.19047819902914,0.9018322186136642,8634.389487544484,3313071.0,Medium
RouteID_14bbcc7e-805e-4cdf-9a4d-3ba47006fa1c,116,282,19061.500000000007,42.29141457758621,-71.02078546551725,0.947789277358238,11703.65510638298,3313071.0,Medium
RouteID_5358ee90-4175-4957-b7b3-53c228e555e4,150,247,15037.300000000001,34.05545308666667,-117.23721100000003,1.1305560838712196,9913.151858299594,3313071.0,High
RouteID_c3f06587-ff3d-4f1f-95d6-9af89798d028,184,254,11508.199999999997,33.72770580434783,-117.21043334782608,1.5256237844284533,8916.118003937008,3313071.0,High
RouteID_1ed090bd-c952-4c53-a1e7-2ec137403e30,148,194,14647.900000000003,47.17939677027028,-122.44641580405406,1.0795825978030398,11253.327371134023,4247527.0,Medium
RouteID_faca00e0-c2c4-4fa3-bdd2-18f66ab4f89e,158,279,16110.599999999999,41.97300974050633,-87.75375635443038,0.649881711368024,10455.386365591397,3313071.0,Medium
RouteID_a820bb17-2811-4556-ab25-355af756dede,174,278,15084.000000000005,47.449142344827585,-122.14970125287357,1.4431548522681115,11532.27698201439,3313071.0,High
RouteID_18b8f86a-3a1b-437d-91cd-565449f2b527,159,288,16330.499999999996,47.40804250314465,-122.20298085534591,1.0084507815889556,10892.562260416666,3313071.0,Medium
RouteID_b7aec80d-8bdc-43d5-8742-10904c78e726,149,236,17602.9,34.09427880536913,-117.61670338926176,1.0470719037701781,8221.353805084746,3313071.0,Medium
RouteID_2cf6ae7c-4fff-4582-a6b9-be83e652e506,145,229,16430.1,34.139096372413796,-117.86266668275863,0.9873837899504035,9681.035982532752,3313071.0,High
RouteID_2dbd6a59-3032-4641-9a4a-0c8c07a299f1,127,174,9824.199999999999,42.00578060629922,-71.13272792125986,2.579629231345446,13213.07122413793,4247527.0,High
RouteID_e25e5d52-4584-483e-9239-622fb87eae9c,160,216,14688.8,42.20908099375,-88.345757975,1.1283979764576757,12253.115023148146,4247527.0,Medium
RouteID_a4ea9513-8300-478d-becb-99b20a60e85a,172,278,18063.799999999992,42.333773494186055,-71.43595044186046,1.8593744189225143,11870.228061151081,4247527.0,Medium
RouteID_bcd682f8-5087-4b35-8d7e-98e23c2496ac,155,223,15373.00000000001,33.89219686451613,-117.52312626451612,0.9888946235557998,9563.947179372197,3313071.0,Medium
RouteID_38f093f0-6e67-4a13-b88a-7a44e8736062,159,224,13883.000000000004,42.30321168553459,-71.28716467295597,1.2721147090958618,11440.976982142854,4247527.0,Medium
RouteID_5b6fc875-52db-4555-a0fb-bfad00788996,166,265,13768.300000000003,42.343365457831325,-71.22047589156627,1.2592534313193975,10171.358449056605,4247527.0,Medium
RouteID_b5f53189-1a0d-4511-a4df-6c48c6e39009,136,251,14665.199999999997,30.522331823529413,-97.77029069852942,1.2675559030641192,12804.594215139443,4247527.0,High
RouteID_d06d0524-7d44-4c08-a8f8-425ebb689dc2,160,265,15498.89999999999,47.8895776625,-122.16373444999999,0.7443289138412992,12196.87181509434,3313071.0,High
RouteID_932b0774-9fc4-4091-bb59-bbe711a66574,179,257,13650.699999999999,42.26242753631285,-71.46714959776537,1.514601066622895,10784.238225680934,4247527.0,Medium
RouteID_48da8106-c758-4ff7-96d1-826bd6b90212,149,283,18490.199999999997,42.38238274496644,-71.18766022147649,0.6327975388997109,10727.02436042403,4247527.0,High
RouteID_b9df0b50-3d98-4515-bc04-f5df1cce05ce,140,213,16784.299999999996,42.253188928571426,-71.64736544285715,2.3110276107920673,14132.200553990608,3313071.0,Medium
RouteID_fa563800-0eab-4056-b159-93127c8ac4a3,124,185,14876.800000000012,42.39989722580645,-71.1863897016129,1.1286584440607226,13611.752513513513,4247527.0,High
RouteID_eccc1032-2a8c-4a2d-a791-40fe4b829b2e,165,237,10863.799999999996,42.257723084848486,-71.4754803090909,1.721132510806116,12677.224067510546,4247527.0,Medium
RouteID_4544f2d1-edc1-4ac9-8b0a-5118e844045a,89,202,20392.20000000001,47.67508237078652,-122.28998807865167,0.4577700892597222,13731.422643564356,4247527.0,High
RouteID_f4cb791a-b53e-464d-93f2-f812dcb1f1f9,185,271,17873.900000000005,41.76744883243243,-88.09638287567566,1.2097547133832283,9687.63103690037,3313071.0,Medium
RouteID_6b7ce85a-b117-4af2-b586-2390cdb49d9e,78,188,24621.999999999985,47.61147806410256,-122.30778593589741,0.4073866546874894,11677.041840425534,3313071.0,High
RouteID_8b114f81-bd37-4475-ad9f-c0ad2e38f1f7,161,276,15544.500000000007,47.723976447204976,-122.2298512484472,1.1419889054532304,11105.319615942028,3313071.0,High
RouteID_e68006d4-764f-43a0-ad3b-e4f73c5499d9,135,203,13720.399999999998,34.13565919259259,-117.85069657037036,0.7652165324499705,10694.146142857144,3313071.0,Medium
RouteID_822eb0f5-ce0d-4e66-9bf9-785e3ce9ca0a,133,231,10866.700000000003,47.5098252631579,-122.06723413533834,2.736128192265011,13569.249129870128,3313071.0,Medium
RouteID_9812e43a-dfe0-4ac1-be34-b30627354335,181,252,16558.199999999997,42.38802914364641,-88.08562828729282,1.2849413703546846,11883.717880952381,4247527.0,High
RouteID_b2d43f60-0823-4c01-816d-94f1cd36fc77,112,188,17132.9,42.32572654464286,-71.08291305357143,0.6949805783863211,13160.890962765958,4247527.0,Medium
RouteID_9d2f6607-a587-4c79-80ce-a533e442c17d,126,231,18335.699999999993,47.69100278571428,-122.29959253174603,0.5587091998314361,10096.74609090909,4247527.0,High
RouteID_2b242e5d-aedf-400e-8cf8-f9ac000c1f29,157,204,17126.599999999995,41.62973216560509,-87.59152596178343,1.9410985504442444,10621.739588235296,3313071.0,High
RouteID_5610df96-59bd-46b3-9fc4-36867e804a0f,203,273,14706.700000000004,42.024910039408866,-88.15811284729064,1.2276464015474369,8061.642326007326,4247527.0,Medium
RouteID_4d57edec-1cea-482c-9e00-1748e3e08b21,107,183,14046.999999999998,34.125940467289716,-118.35551535514017,0.8420762415171957,11451.56886338798,3313071.0,Medium
RouteID_16de3bf9-7afc-4e9c-ba57-8c7ecf6e1ec1,171,250,13530.099999999991,41.975402011695905,-88.10628539766081,1.0619595286074692,10517.465171999998,4247527.0,Medium
RouteID_757e80bd-c653-4158-bd6e-599629ad59dd,135,189,15500.900000000001,33.90486771851852,-117.93103082222221,1.2914788222003697,10434.750613756612,3313071.0,Medium
RouteID_07563131-f0bb-4982-b1cf-4dc9a7b1876f,133,234,15766.39999999999,33.44738493984962,-117.61204160150376,1.383954702521313,8004.976816239315,3313071.0,Medium
RouteID_ca7e60cc-519e-48d5-88a6-ba866cb20f77,187,292,15968.199999999997,42.17745439572192,-87.8748893315508,2.064223833430116,11538.19566438356,4247527.0,Medium
RouteID_beaac1f8-8551-401b-b3f6-4f6eaf925f82,157,237,14011.60000000001,34.01197212738854,-117.74641461146497,0.9246499930915003,10986.373983122363,3313071.0,Medium
RouteID_4f186b3d-6198-48d9-aa87-ec638aae2ac2,159,257,20195.99999999999,41.86551390566038,-87.80607432704403,0.679478639693214,12851.438910505838,3313071.0,Medium
RouteID_ca800645-34ae-4e19-9a5b-99c02ebcb2ab,180,283,17129.8,41.970203977777786,-87.75033348888888,0.9277474281321642,11434.97986925795,3313071.0,High
RouteID_4b87f7c6-6f56-48d7-9dd8-916e6213fd7b,84,205,15462.699999999992,34.16797127380952,-118.4599910357143,0.4671716878657729,12352.316696585369,3313071.0,Medium
RouteID_0229f7ce-11fd-48ec-83a9-892fcebd924e,177,266,17546.099999999984,34.11354110734464,-117.79989793785312,1.01665217274167,11541.863172932332,3313071.0,High
RouteID_195c1c1b-dd95-4792-a061-d001edeafdf4,174,240,15431.5,42.09315262068966,-70.957572454023,1.8545219537190756,11221.362754166666,3313071.0,Medium
RouteID_f31634d2-1ac1-4d83-b391-468b30026ad3,178,288,12906.000000000005,34.21798509550562,-118.82777566292134,1.0891105944734185,11390.272583333332,3313071.0,Medium
RouteID_d86192cc-bed0-4be9-8e09-fe3d9cffeaf3,180,277,16153.200000000004,42.33903772777778,-87.99418418333333,1.6512480092456725,12605.368400722022,4247527.0,High
RouteID_14f61971-f685-40ae-8c0d-89ac82959d09,142,221,17355.90000000001,34.10930807746478,-117.79534686619716,0.760524950299669,9351.23230316742,3313071.0,Medium
RouteID_4eaa27f5-8816-4888-a7db-addf9f5d3ee0,105,215,20359.40000000001,33.415688123809524,-117.60914470476192,0.5614092253699294,10221.238041860468,3313071.0,High
RouteID_183ef02c-8b0b-4f43-82f2-3edf8d2a4fad,179,252,9777.200000000003,41.88329181564246,-87.89762242458102,1.610023312786781,10027.513353174603,3313071.0,Medium
RouteID_0a426a82-2c44-4a74-845d-3311c935f4c5,166,253,14465.900000000001,33.884113204819286,-117.84065213855422,0.8632528801307177,9714.285632411067,3313071.0,Medium
RouteID_72ed01c7-3b92-4a47-90a8-12ce451e6431,144,206,18031.499999999996,34.198564131944444,-117.35532615277778,1.1031136752015613,11484.370970873786,3313071.0,Medium
RouteID_195225a7-822c-4304-9493-b24700e33c9c,195,268,13535.5,42.36716614871794,-87.98953355384617,1.2956827615548236,10910.158645522388,4247527.0,Medium
RouteID_b1546d45-1a18-478f-8900-e884cd665dc0,153,212,16009.000000000005,47.1191638496732,-122.3290530457516,1.0567809931538477,10615.597377358492,4247527.0,Medium
RouteID_524ccce1-3fa2-4691-a928-c621ac00553d,158,266,18192.200000000004,41.993044620253166,-87.75021998101266,0.9369397881305492,11375.638101503759,3313071.0,Medium
RouteID_60562b8b-adbb-484b-bda8-e3c701c8d760,108,242,18139.59999999998,42.364575824074066,-71.18296594444445,0.5896378150304615,10958.327152892562,4247527.0,High
RouteID_e5473e30-ba2a-45da-a91c-2d18f1f620c7,179,267,15618.19999999999,34.07353227374302,-117.16417294972067,0.892000671651106,9225.13570411985,3313071.0,Low
RouteID_a8076ce6-e287-46a0-8676-7819f8ffd5e9,107,252,17697.299999999974,42.239425093457946,-71.02267929906542,0.6951143631317752,12539.074821428572,4247527.0,Medium
RouteID_49c71725-58f8-4365-8b74-6c5fce67ecef,199,246,14794.8,42.30525479396985,-71.70633932663316,1.6291428290148473,13287.423768292681,3313071.0,Low
RouteID_2f1b6df3-4dc3-47ff-be00-22256aada956,190,252,15942.899999999994,33.85524433157895,-117.57395866842104,1.007216679856891,8866.41534047619,3313071.0,Medium
RouteID_f867f440-d32e-4360-9147-b7d8781b9ecd,118,223,12757.50000000001,33.64892047457627,-117.66550658474576,0.9306032219932543,10382.650363228697,3313071.0,Medium
RouteID_c541777b-7f86-421d-8c34-94040d35c78e,185,259,18477.299999999992,41.77266961081081,-88.10175813513513,1.0348535401899777,11758.330791505792,3313071.0,Medium
RouteID_c734ad9c-ca70-48d1-b2cd-e3f3defb532b,153,252,16171.699999999995,33.77534682352941,-117.84040600653594,0.8106357635827319,10428.36569047619,3313071.0,High
RouteID_a439a3a9-e17c-4485-baae-f26cb9ac7d60,141,282,21723.200000000004,33.70050572340426,-117.72284781560283,0.5739070346877726,11502.727865248227,4247527.0,High
RouteID_5417d9e8-2639-45ac-a4d9-7368f8a6afb2,171,222,13272.099999999997,33.843628707602335,-117.54549109356726,1.055342723641982,10255.00563063063,3313071.0,Medium
RouteID_a44c08be-1a04-4b84-89c0-4d4f85aafa70,81,212,17066.19999999998,34.06886325925926,-118.25034449382717,0.4029295523867245,10013.762797169811,3313071.0,High
RouteID_8de6b935-071c-44c2-8b74-da0615b97e13,164,227,14851.900000000003,33.89245657926829,-118.00356148170732,0.7324765997437258,10921.924563876653,3313071.0,High
RouteID_41aaf468-e168-48ce-ac13-fa5195745f5a,146,242,16917.400000000005,33.754017054794524,-118.00708802739724,1.2135372262540565,8914.423636363637,3313071.0,High
RouteID_221006e8-0192-41a8-bbc2-8cd5e93cb414,145,268,15962.799999999996,33.654696655172415,-117.68678637241379,0.7359381860440296,11389.732764925373,4247527.0,High
RouteID_2373a90f-1bb6-495f-a6d9-4703d25eabb0,152,230,16671.400000000005,33.77493584210526,-117.84052858552633,0.8159100108991116,10346.312208695652,3313071.0,High
RouteID_e2270532-cf43-45c6-a3af-78abd5cdbcc2,64,195,19480.700000000015,34.15919021875,-118.37343815625,0.3466995881451542,8630.478584615385,3313071.0,Medium
RouteID_95be27e7-3741-48c8-9423-909e6454fcfc,154,262,17511.000000000007,42.067699090909095,-87.80393033766235,0.8584869792283174,12468.85553816794,4247527.0,Medium
RouteID_7afd9ce7-99ab-413d-be62-17e3a7ed72ec,150,199,9628.7,41.76139183333334,-71.29709225333333,2.779235296461223,13725.101854271355,4247527.0,Medium
RouteID_93462323-f8c8-40ab-92b5-6deb07ddbc35,81,158,19930.499999999985,34.04894795061728,-118.28616924691357,0.4586453115730413,10155.071126582277,3313071.0,High
RouteID_8fe7b449-cada-4dfb-9f43-d0ec77b00d40,95,253,19132.299999999992,41.932671136842096,-87.69308998947366,0.6399264905367876,12056.526083003953,4247527.0,High
RouteID_a2b75eb1-982e-4b2a-af4f-5a76934ac372,175,229,14550.199999999999,47.49027214285715,-122.32520101714285,1.1446481603986958,11708.40545414847,3313071.0,Medium
RouteID_fa01bfe7-58df-4452-af60-297788a6df98,122,241,14300.899999999978,42.31862790163934,-71.15627922131146,1.2209868785427738,13545.153178423237,4247527.0,High
RouteID_1364e8b4-de89-475b-9e38-3486ca12934e,139,255,20518.49999999999,34.04048369064749,-118.33903047482015,0.6077350539279692,10335.78877254902,3313071.0,High
RouteID_e6f02459-424d-40e3-927e-b1aceb1a96a7,139,207,14633.800000000003,47.254039035971225,-122.49075933093525,0.668793851532698,12537.424782608696,4247527.0,High
RouteID_dffe2aea-0e18-4d75-ad7a-a3fea6ba9d1c,156,277,16452.300000000003,42.3774758525641,-71.19547006410257,0.770283056046155,10584.006220216608,4247527.0,High
RouteID_ddcf974e-c0d8-425f-9a84-901ca515e82b,139,239,18435.100000000013,47.88598276258993,-122.21189358992805,0.8405254511448883,10032.119510460252,3313071.0,High
RouteID_23f737be-6f72-41f1-9045-a0ab0e93e641,125,206,18362.0,47.246903247999995,-122.455630872,0.8051439786605948,12490.38003398058,4247527.0,High
RouteID_1597a128-4d9f-4a1f-8d3a-1fe4b8f0e13b,160,219,14192.999999999998,33.84357253124999,-117.5485821625,0.850834474466667,14386.771584474885,3313071.0,High
RouteID_8c004630-9e70-4f13-a33e-011ed1d6f47b,166,241,16699.79999999999,34.230155975903614,-118.428733626506,0.8297135341377723,10002.504883817428,3313071.0,Medium
RouteID_f9a28af1-f548-453c-88bb-c4aaf7d937dc,162,220,11900.300000000007,42.49605186419753,-71.47816166666667,2.17846212455395,12413.643254545454,4247527.0,Medium
RouteID_75cc212f-60f2-44fe-8822-7552ab5702fe,122,244,18324.7,33.62371997540984,-117.91945940983607,0.554649341363634,10654.01487704918,3313071.0,Medium
RouteID_27a13394-ad93-421b-847b-1f876bb72551,147,268,17111.699999999993,42.0567160340136,-88.10063869387756,0.8962718106077779,10703.397152985075,4247527.0,High
RouteID_565093b1-570d-4a0f-a854-456cb01f3b8a,154,214,15392.2,47.225020441558435,-122.41317957142857,0.9100385115507557,10511.375892523365,4247527.0,Medium
RouteID_421683f0-5e20-4679-81c8-5774b83d603c,126,184,10468.199999999993,47.328362047619045,-122.01959629365078,2.4320969187348487,12385.88711956522,3313071.0,High
RouteID_41a343e3-80fa-4073-aca6-eee03beaa4bf,91,181,12224.99999999999,34.098353043956045,-118.38350881318681,0.6998769153976534,14704.673392265191,4247527.0,Medium
RouteID_b8f8d953-3963-4b7d-8580-d90c1deb5258,106,180,15901.600000000006,33.882393037735845,-117.87261688679246,0.7855051617298425,9102.318888888889,3313071.0,High
RouteID_9c450e1b-9f1e-4d2c-8839-d331725f4228,126,231,18989.299999999977,33.78945376190477,-118.15269388095237,0.5602158909899311,8573.038601731601,3313071.0,Medium
RouteID_314d5f77-ac29-439b-b860-3b1b2614ff4e,161,248,16141.899999999998,33.85255436645963,-117.77594106211178,1.0211312036247677,10206.235512096773,3313071.0,Medium
RouteID_3f48ffcb-e583-4b0f-8015-5bdde2bbd142,203,263,11755.6,41.72911593103448,-88.24827784729064,1.0830673480815636,10433.935980988592,3313071.0,Medium
RouteID_a0fb46a7-2f22-452e-8fb1-9fda74903451,187,272,19017.399999999994,42.00366423529412,-87.87665790909091,2.711407114945567,11184.101183823528,3313071.0,Medium
RouteID_56a5bf95-18a9-48ef-a083-4a478af2e4ae,156,225,14448.3,47.11769690384615,-122.3241866923077,0.8437123632452563,10204.598595555557,4247527.0,Medium
RouteID_1b1bc75f-7da5-41a4-bb8d-1b9986545455,125,262,18983.399999999994,47.690718976,-122.32098260800001,0.6168320977609902,11758.129358778626,4247527.0,High
RouteID_9a52687f-8638-478f-bfa3-aeabbb488093,146,210,16926.300000000007,33.891404534246576,-117.52982099999998,0.7724819831242289,12178.212000000003,3313071.0,Medium
RouteID_bcfd0b23-9ed6-44f7-a91b-3aafd01f1eb8,160,248,14251.199999999999,33.880102925,-117.80389933749998,1.024675827148585,10187.345891129033,3313071.0,Medium
RouteID_23c8d774-db49-4261-822c-544ade30587d,158,209,11280.300000000005,47.298073025316455,-122.28954011392406,2.0831503005812446,10472.360306220096,4247527.0,High
RouteID_11cea4f0-f65f-4061-ae0a-a52607956603,202,295,15777.299999999996,34.04176707425742,-117.4806365148515,1.3626859431616514,9294.251884745763,3313071.0,High
RouteID_df8170fa-2d78-4edd-ba06-d49e6bee4622,120,244,19261.300000000007,47.63058110833333,-122.30713210833333,0.5702122685589212,13356.761352459016,3313071.0,High
RouteID_ba83619f-debd-4d47-b643-ca8233edaa5e,61,212,17733.799999999992,42.33348163934426,-71.10318616393445,0.5668915542898204,12178.819070754718,4247527.0,Medium
RouteID_04b498c7-f124-4da5-bbb1-ef7a25950572,120,217,13339.600000000004,47.681472275000004,-122.27236160833334,0.6352160331551038,10088.730728110599,4247527.0,High
RouteID_21c6b91e-4f21-4418-bacf-31d4c2123a61,199,260,14076.499999999996,47.855049628140705,-122.20483362814072,1.1980615198230324,10768.524934615385,3313071.0,Medium
RouteID_51c446dd-1dba-422c-b79c-222077f8c84a,122,196,15679.799999999997,47.58727297540983,-122.29551259016392,0.7609067169466118,11965.08168877551,4247527.0,High
RouteID_394f406c-0114-41b2-92c4-43dcdc95f42a,178,256,14048.199999999999,33.9232927752809,-117.528569,2.238534000176715,11194.859738281251,3313071.0,Medium
RouteID_8d89c2dc-ccb5-4929-8611-e2dfa5915cd7,164,227,17396.600000000006,33.86835774390244,-117.57690960365852,0.9205418554870679,10382.25355506608,3313071.0,High
RouteID_a8117fc4-6efd-451c-9370-18acff758846,118,209,18025.299999999992,33.42741645762712,-117.61165422881356,0.7012942848137206,9841.35094736842,3313071.0,Medium
RouteID_a66b4559-ac69-44c2-a780-7224193ba84c,156,206,12570.800000000003,42.39852755128206,-71.34715772435898,1.731409470247438,11121.508325242718,4247527.0,Medium
RouteID_49961695-52b0-4efd-b85c-690a056f7de6,93,221,22598.399999999994,42.31935216129033,-71.09777106451614,0.6531484721816709,11622.20469683258,4247527.0,Medium
RouteID_8b782607-313e-47c6-aa46-de0a02b74cd3,114,213,20939.89999999998,47.61127019298245,-122.29302645614034,0.5075960914183396,11980.663863849764,3313071.0,High
RouteID_14ecef4d-a551-4d0b-8af6-8c9a6bad7792,143,232,15543.100000000002,33.81649404195804,-118.30631065734264,0.9672024105108601,10983.953551724138,3313071.0,Medium
RouteID_38cbf69d-2724-495e-b861-ea8b2a1ac70f,162,262,16370.000000000007,42.36479098148148,-87.92006060493829,1.9099317311002988,11114.035404580154,4247527.0,Medium
RouteID_84131e57-3be1-44cf-970b-070bb011072f,189,296,10421.000000000011,42.088463656084656,-88.04720114814815,1.3201465721454337,11374.938141891891,4247527.0,Medium
RouteID_0091a35c-85fa-4b5e-90cf-4778f441753e,144,244,14843.600000000006,34.05071776388889,-117.27345337499999,1.1057106391590237,10032.948233606558,3313071.0,Medium
RouteID_8885adc1-4291-42c1-bc0b-2ccc2b28b6d6,131,236,17191.699999999997,30.243095389312977,-97.74716796183206,0.7496123579450014,12809.92249576271,4247527.0,Medium
RouteID_5b7266a6-79f7-400c-b64b-111ce858665e,97,256,18745.499999999975,41.93922277319587,-87.6840637628866,0.3401336899469658,12011.0767421875,3313071.0,High
RouteID_9e4e8ad4-aaa2-49f2-9637-08860a81c0a5,192,279,12385.899999999994,47.28782636458334,-122.384394375,1.0817261292921858,9720.758960573476,4247527.0,Medium
RouteID_6250ba47-dd0f-4247-a507-df15bdf41fba,173,242,15055.099999999995,33.955165959537574,-118.3226545317919,1.1270645147017024,8445.03384710744,3313071.0,High
RouteID_930f8586-2d55-48ca-bb8c-9dbe2109c4a7,155,215,17599.800000000003,33.85461483870968,-117.9607316516129,0.9697643194537124,12471.885325581394,3313071.0,High
RouteID_ef4b5974-a33e-4de7-9e96-424471ab5b99,162,207,13253.099999999995,42.43373198765432,-71.45844044444445,0.924676677240618,13195.169033816426,4247527.0,Medium
RouteID_fa6d6dd9-0420-469b-ac02-def09b10e854,191,273,20935.600000000006,41.82985582722513,-88.13277971204187,2.135627093398147,9179.582571428573,3313071.0,High
RouteID_bf773baa-ccea-4eff-bce7-53e9a47cd865,199,289,16938.20000000001,42.01644573869348,-87.87557530150752,1.3873983652228705,10421.644626297579,3313071.0,Medium
RouteID_e2c29205-89d3-491b-aa50-53b046d13d46,192,251,14188.399999999994,42.077680880208334,-70.99902618750001,1.563218467437985,11629.980179282868,4247527.0,Medium
RouteID_f6c496fc-d53e-4005-b1fb-c20f54368a88,180,224,15343.500000000007,34.148128988888885,-117.36910744999999,2.02587622160777,8214.394950892858,3313071.0,Medium
RouteID_a84d925d-bb8e-492e-9128-640174caa364,184,253,11980.799999999992,34.17382372282609,-117.42190339673914,1.389373619865098,10970.528237154147,3313071.0,High
RouteID_354f3496-f3b2-432d-8a42-650f431fe9e8,151,260,17901.7,33.93869197350993,-118.14701626490066,0.9119903312606921,8677.620757692308,3313071.0,Medium
RouteID_416dc2f1-1697-4443-ab4a-755a89b78499,104,156,16476.200000000004,30.363278548076924,-97.75228020192307,0.9751131167913651,10968.359826923077,4247527.0,High
RouteID_6656a281-934b-4d60-8958-ed3886564c12,92,252,22801.200000000004,41.972997076086955,-87.68904598913045,0.5356392398846297,10098.214694444445,3313071.0,Medium
RouteID_4ad4622a-f156-474c-aa2f-c0e80824ddbe,188,245,10778.500000000004,42.083040143617026,-71.00287514361702,1.88486900479917,12823.297889795918,4247527.0,Medium
RouteID_14e79e59-1113-4434-9211-466665e5c28b,176,271,19900.000000000004,41.78333949431818,-88.09703077272728,0.9957772713043836,10091.13722509225,4247527.0,High
RouteID_c8118394-0f3c-4341-8efb-f5165747803e,67,158,24992.800000000003,34.06187247761194,-118.28021773134328,0.6103251192598574,10303.006556962024,3313071.0,High
RouteID_fc393b30-ed20-42b1-b8a3-7c5548b491df,146,235,18995.20000000001,33.708847958904116,-117.89850072602742,0.8780600637884695,11473.99983404255,3313071.0,Medium
RouteID_bae504fc-e911-4e97-ba8d-afa4283ce38d,60,231,21332.799999999952,41.945710133333336,-87.66274628333332,0.3433683393573233,12798.992437229437,3313071.0,Medium
RouteID_15b68f6d-b3ee-457e-a32a-d08de4875fd1,183,269,12431.7,33.87449047540984,-117.48048427868852,2.008212291146621,10733.861918215614,3313071.0,Medium
RouteID_6c606721-7099-4f6e-9175-aa150aa57c42,178,264,17006.199999999997,42.2571932247191,-71.10610564606742,1.2785314608851908,12312.944416666667,3313071.0,Medium
RouteID_148eba24-2dfc-4911-88a2-eaa758f633a1,160,225,12274.0,42.04487866875,-71.12040318125,2.410998065590682,11633.961671111112,4247527.0,Medium
RouteID_117c8287-12e3-41a1-bd4b-900af3038471,107,250,17946.900000000005,33.556365411214955,-117.64070257009345,0.5534580517950722,9483.785708000001,3313071.0,Medium
RouteID_c94aa8b8-dbda-416f-8e2f-109105f18758,97,272,20419.500000000015,41.972273927835055,-87.6915388969072,0.4739598492994541,11654.219772058823,3313071.0,Medium
RouteID_a52fd1b0-ca6c-4c30-abeb-e799f4e595b8,127,281,10920.400000000007,34.10240843307087,-118.27662804724409,0.5481348897810597,10963.674896797153,3313071.0,High
RouteID_ad8d74d8-7b53-4c21-b53b-cce1d3a5d8ae,156,222,16593.900000000005,33.9533535448718,-118.31908361538459,1.1557000604361767,9285.587702702702,3313071.0,Medium
RouteID_b700a512-b253-4d09-bd3a-cb0ea7ea9088,195,248,17779.900000000005,41.79703904102564,-87.76637992307693,1.642019720631646,9185.650165322582,4247527.0,High
RouteID_36265efa-86e1-47a8-9968-5ef0bf9adc83,145,204,9925.899999999998,42.1823958137931,-88.28675992413794,2.5818972705924566,12234.705769607843,4247527.0,High
RouteID_1459297d-63a1-4b7e-bc20-de002b255754,126,202,10854.700000000004,42.51414128571429,-71.4201558888889,1.25925694326989,11797.752306930694,4247527.0,Medium
RouteID_af0161bf-8156-4a2f-aefb-64c5b995c55a,160,246,9549.099999999991,33.992407275000005,-117.82264694374999,1.0203420081229666,8932.730605691058,3313071.0,High
RouteID_1cdff6d0-ddfa-4b3e-a57a-983da651c5c3,119,219,19053.09999999999,33.6579165210084,-117.63871747899161,0.8131029603659627,9482.441100456621,3313071.0,High
RouteID_4001eb18-9051-42bf-b469-7f124c91eb0a,134,226,20089.800000000003,34.11780824626865,-117.55396811940298,0.5569086148543395,9664.201809734514,3313071.0,Medium
RouteID_18718710-5655-42bd-a749-6d5089202b55,153,245,13677.60000000001,33.79390363398693,-117.80208653594771,0.7700336800359229,7970.080171428572,3313071.0,High
RouteID_cc65e2f6-9302-4bb1-84f1-14669639ef00,123,237,12767.500000000005,34.148338032520336,-117.58179465040652,1.1151903253472382,11995.455616033756,3313071.0,Medium
RouteID_184da9b1-0f34-4051-8018-19064a4059fc,171,274,20393.299999999992,41.78162218128655,-88.13710966081871,0.9554393132027509,9564.41754379562,3313071.0,Medium
RouteID_e76d133d-6d81-42e5-9f91-9c455b2ed429,58,207,20363.60000000001,47.62060987931035,-122.30826258620691,0.3262061295309467,15032.460642512078,3313071.0,Medium
RouteID_51552b4e-509b-489c-8022-ceaedf84b5f7,150,255,16218.400000000012,34.03709210666666,-118.40713701333334,0.5867400554593483,12659.232215686274,3313071.0,High
RouteID_8c82c033-d239-4ce3-989b-6e8856774889,97,213,22913.100000000002,34.07210827835051,-118.24779587628866,0.8264074675014127,10570.725169014084,3313071.0,High
RouteID_2ae3daec-a9d9-45ff-895e-1d8ac879a51a,127,200,15460.399999999998,33.86756209448818,-117.90200980314961,1.2320427996670982,12383.098815000001,3313071.0,Medium
RouteID_c4c96d9f-6311-4fdf-bcf4-4bb346cf45fa,154,227,15201.8,34.142704753246754,-117.84532875974027,0.7779817443705224,9746.095022026431,3313071.0,Medium
RouteID_556b46ba-d415-4184-befc-b9e9bd1de580,161,238,13272.900000000005,42.06763595652174,-71.39795915527951,1.9014031945285914,10775.155453781514,3313071.0,Medium
RouteID_c8018cc3-5545-4126-a95d-f0512538edf5,121,272,18268.399999999998,34.15797491735537,-118.3883002479339,0.6128509755880727,11910.177492647059,3313071.0,High
RouteID_cc4bbe9b-5e4e-4d2d-a647-649a8d5b7fee,125,235,17764.7,33.417981632,-117.61256079200004,0.628472377507041,12182.907327659575,3313071.0,High
RouteID_0d8e5b52-0380-40b7-80d8-940907528f19,133,246,17974.199999999986,33.61836833834587,-117.84142662406015,1.1735649507021375,11588.814158536585,3313071.0,Medium
RouteID_d498ae50-f6fb-4d07-b6b0-c25490392b60,188,282,14364.5,42.04909788297872,-87.95212830851065,1.17175104893395,12582.010375886524,4247527.0,Medium
RouteID_1d9debe1-294a-4bda-80a6-d2aef1c7911a,166,237,18149.199999999993,47.717360740963855,-122.23415427710842,1.5417489622324718,13329.148540084387,3313071.0,Medium
RouteID_91fed7a7-e02b-4cb1-a5b1-ce662fcaefb7,107,208,16953.69999999999,47.6772253364486,-122.2673203271028,0.7617164315598345,10441.116432692306,4247527.0,Medium
RouteID_e181241a-5b91-4181-9fb9-5d38ca124708,152,242,15542.299999999997,33.90448224342105,-117.98473222368423,0.7397806855156304,8514.420962809918,3313071.0,Medium
RouteID_c914af86-20ee-411d-b158-536ab7343d2d,160,237,14383.299999999996,33.852874525,-118.01709124375,0.8459416321921026,7796.982599156117,3313071.0,Medium
RouteID_c3602216-4d2d-4204-9b7f-c6c545714efe,159,247,13794.8,33.86183010062893,-117.74113938993713,1.749397398725069,9640.960825910932,3313071.0,High
RouteID_b43d03a6-0dbc-4e90-87e2-ba13c63d96c4,187,268,19140.900000000005,47.86798465240641,-122.30647434759359,1.0701621698975803,12172.900574626867,3313071.0,Medium
RouteID_6d1a587d-385d-4d6c-a5c2-ce2cb0ca1597,163,248,17801.299999999996,41.787773625766874,-87.69965728834356,0.9984518387304421,8013.504399193547,3313071.0,High
RouteID_5a6c0fb5-81ef-434c-9201-704a8c809221,128,227,13995.399999999994,33.77041584375,-118.11249885156249,0.8455538073645409,9940.315999999999,3313071.0,Medium
RouteID_46aa4a73-b48b-4d87-a5f6-1ee4614c64d6,168,245,21222.0,34.11016457142857,-118.28542822023809,0.6121128383598942,10761.476012244897,3313071.0,High
RouteID_e591d351-e929-4e76-afae-36fa6b0134f2,123,241,20225.30000000001,34.05405208943089,-118.338869601626,0.5425901207928211,12029.75248547718,3313071.0,High
RouteID_f5e1a5b9-f466-437d-90e2-ca442af67c01,146,213,12101.899999999998,42.40139389041096,-71.3426962260274,1.9820938608952485,13181.895948356805,4247527.0,High
RouteID_6c77b160-2e73-43d6-98f3-70b5c18668ad,149,228,11729.899999999998,42.3541738590604,-71.50805687919464,1.6657463846475342,8328.091109649122,4247527.0,Medium
RouteID_52a82475-83e3-4d0d-82d4-87655a74dfa8,154,242,17446.6,47.727178662337664,-122.2300547142857,1.1747605917646595,11199.494880165288,3313071.0,Medium
RouteID_5b84c0a1-9594-4afd-8904-375e747ea183,147,266,19761.69999999999,33.662354047619054,-117.82612847619045,0.8406839515210206,9424.967481203008,3313071.0,High
RouteID_8a2245b0-5630-41fa-813c-ccae7393c460,105,228,15395.799999999977,47.66883844761904,-122.28463766666667,0.5334512472885239,10913.911614035089,4247527.0,High
RouteID_2ea18e1c-50f3-41e0-a054-101894fe52ae,123,238,14257.4,47.69085403252033,-122.32135644715449,0.5337446949475357,11337.22963445378,4247527.0,High
RouteID_dd5e7d77-e7d7-4e5c-b288-b3cdafcbf15e,169,265,18532.800000000014,47.79846860946745,-122.23505065088756,0.8437579205980514,9670.02917735849,3313071.0,High
RouteID_67869971-c56f-4149-86cc-36f2e943ab89,148,233,13715.699999999997,33.892272094594595,-117.79147758783785,1.0685212651533131,8827.573223175965,3313071.0,Medium
RouteID_9ee4f135-2801-457e-b42e-1d6f385ff8fd,96,208,19115.399999999998,34.175434875,-118.45640786458334,0.5426313128722212,11651.461596153847,3313071.0,Medium
RouteID_6d168fd8-7e46-424f-bc76-9e9f35a9d203,185,270,14756.899999999996,47.329419140540544,-122.27818654054053,1.2385324966916984,11507.446914814815,3313071.0,Medium
RouteID_19db8fb3-607f-49a0-82ae-99815d5f99bd,193,295,15086.999999999998,30.184356792746115,-97.9860343419689,1.4692281967381682,12569.195291525424,4247527.0,High
RouteID_02f5263c-6cae-4a15-9c81-e5394f4c9924,131,230,17880.20000000001,33.71507653435115,-117.75751462595419,0.6059575878929704,11650.987069565217,3313071.0,Medium
RouteID_9f8e4d84-87c9-4f81-aa2c-2d850430a0c1,194,293,13739.899999999998,47.874101175257735,-122.17687132989691,1.0952214432570109,9642.728870307168,3313071.0,Medium
RouteID_d535e450-b8fc-494d-8c0a-a58cd2fc511e,133,183,14883.699999999997,42.226186864661656,-88.36993706766917,1.2375205774710445,13051.41357923497,4247527.0,High
RouteID_c28aa6e3-1a85-4128-b40c-9954ecadc2d9,162,228,17308.7,33.8694659691358,-117.5980507160494,0.7579588585978513,10250.25094736842,3313071.0,High
RouteID_245cb9b3-10a1-40fe-be1f-031a5b62bb36,162,231,11371.600000000002,47.843036203703704,-122.09890601851852,3.9128688530836833,10644.456060606062,3313071.0,Medium
RouteID_1a02d09f-2690-4564-87fc-b6d36045e5ba,69,200,21659.000000000007,34.14885230434783,-118.37142952173915,0.4539227013171203,11005.534140000002,3313071.0,High
RouteID_b9713e55-1c18-49e1-86ca-6d0222c12cd2,71,193,23192.800000000007,47.598242830985924,-122.3095914366197,0.4818994273439413,11831.62290673575,3313071.0,High
RouteID_492ce47a-9335-4631-be76-87ab87744cdc,174,281,16530.499999999985,42.07020328735633,-87.96561598275862,1.2631538546298864,12151.504202846974,4247527.0,Medium
RouteID_ae7c078f-9775-4382-97b9-b82dc13228e9,97,218,16698.19999999999,33.54549387628865,-117.64561074226806,0.5497979349911859,11370.368665137614,3313071.0,High
RouteID_2f1f9949-9c16-4419-8263-4852e052b897,144,232,19785.099999999995,33.77724756944445,-117.84063330555556,0.710969280601705,8483.675512931033,3313071.0,High
RouteID_79a673da-e1c8-4c0c-b5b1-e94f7e976087,182,240,14271.200000000006,41.91604474175824,-71.39102878021978,1.4748126191965258,9649.575079166667,4247527.0,Medium
RouteID_187db59e-f029-4466-b4ad-f8a820e73144,175,266,16566.599999999995,41.94441074857143,-87.80577662857144,0.7178177019021171,9742.960695488722,3313071.0,Medium
RouteID_54a46612-ecdc-4384-b8ba-9c43854d6343,127,201,9003.8,30.376881464566928,-97.93369462992128,1.33332346201903,15329.03444278607,4247527.0,Medium
RouteID_80deac7f-8517-44ad-8a59-84520ed2efa2,198,269,12135.199999999997,42.00879565151516,-88.09792444444446,1.258877436866126,12328.225802973979,4247527.0,Medium
RouteID_623dc562-7620-437a-a011-2d6ae75997c4,151,232,17974.200000000004,33.901041079470204,-117.7842159602649,0.9329860730887087,8070.014521551724,3313071.0,Medium
RouteID_363f8a31-7d39-410a-82c3-fb522bcb5eaa,186,296,13687.900000000001,30.21572587634409,-97.88089156451612,1.246298171608308,10313.957422297297,4247527.0,High
RouteID_9829880a-0f4c-4f93-b071-cb83fae0b203,160,217,19739.800000000007,42.1808665,-87.797683,0.911018553857841,12863.179829493089,4247527.0,Medium
RouteID_bb5a6479-69f4-463f-9c1c-c3ffe79637da,158,222,14365.400000000001,42.45576737341772,-71.35562675316456,1.3916051224338017,10192.877743243242,3313071.0,High
RouteID_f17718bf-7a80-4a1d-9aaf-b5b331ca231d,96,232,14598.500000000024,41.993327479166666,-87.672665375,0.6278858089532355,9043.038732758621,3313071.0,High
RouteID_68607cb0-10eb-40b2-b318-c71a381308fe,176,256,15970.799999999996,41.93073978977273,-87.91218057954546,1.8436521249071547,11534.59789453125,3313071.0,Medium
RouteID_d1dbf5e3-f2f5-46ec-af5e-a1c78a25c9fe,111,236,17618.200000000004,34.08730698198198,-118.28056195495498,0.6037897324155007,11700.23316101695,3313071.0,High
RouteID_e02d4edc-b5dd-471d-9508-66f4b71852af,158,248,16391.99999999999,42.262993056962024,-70.97803534177216,1.777700264759246,11810.566983870967,3313071.0,High
RouteID_b653323f-fbb5-44fc-a97b-1d3760e70f66,152,264,13110.399999999976,30.196000690789475,-97.830561,1.4211235323134452,11827.283462121211,4247527.0,High
RouteID_024a44ee-5a90-48d3-8f80-d8e7b124971e,162,271,14784.199999999988,30.48159885185185,-97.80468341975309,1.7811578913896702,10615.633343173431,4247527.0,High
RouteID_e4e3ada4-e114-4551-b76e-53ed2acf4aaf,131,171,10038.0,42.15814211450382,-71.76173151908398,3.2727759778847862,14162.883093567249,3313071.0,Medium
RouteID_becf5923-8b4b-40ad-b30b-9b3c5ba65578,151,246,13193.099999999997,33.90537302649006,-117.89696044370861,0.704067396683138,9345.63587804878,3313071.0,Medium
RouteID_67438082-4a7e-4e28-b4ac-3a4ac7e4d16b,117,221,16293.400000000003,33.88215977777778,-118.13720762393164,0.8277695821136515,8295.482606334841,3313071.0,Medium
RouteID_e319940d-9028-4730-8e41-59dea15784d7,207,273,13659.2,42.3106490289855,-71.33300030434783,1.4457991485267119,9905.22612087912,4247527.0,High
RouteID_256a555c-5049-41fc-990a-e0d4cc180a1b,154,239,12528.999999999998,33.89737392207792,-117.79093111038962,0.9486265360224175,12240.852092050209,3313071.0,Medium
RouteID_2fa2f181-0c19-444d-a36c-938b0462270a,121,285,14293.499999999985,34.045269231404966,-118.52445965289257,0.7543992931011969,11660.661512280702,3313071.0,High
RouteID_29fc33e3-6797-4a74-b81b-bbdc27ea876a,166,244,11451.299999999996,42.06820459036145,-88.2085590180723,2.302136819719948,11087.177954918034,4247527.0,Medium
RouteID_26982664-0e33-4ac8-97e0-d1bac514c109,151,215,13275.700000000004,47.290522556291386,-122.28835325165561,1.4673503392414704,10296.195702325578,4247527.0,High
RouteID_fe75ed88-b7ab-4f98-b0df-cb3132e1e705,141,252,18174.30000000002,47.7455595390071,-122.17802391489363,0.6619736068454055,11414.615833333331,3313071.0,Medium
RouteID_5e131b7e-518c-4c50-8243-c6c02c5fdc1f,189,265,13181.099999999999,33.90417033862434,-117.51922683068783,1.3868465683122313,10578.13344528302,3313071.0,High
RouteID_612058d3-5465-49e4-b0c5-0493523b3358,80,212,20386.50000000002,42.331796175,-71.1065030125,0.32495151050438154,10144.953745283017,4247527.0,High
RouteID_cfd4c198-959a-462f-bcb9-e7b3944483bd,103,256,16610.699999999997,42.376282592233004,-71.06131807766991,0.38344958755827724,14363.148449218748,4247527.0,Medium
RouteID_488c0478-2fc2-4687-956d-12fea458fa4e,124,225,13504.7,33.91423640322581,-117.8756895967742,0.8523581256473848,10935.520533333334,3313071.0,High
RouteID_f68acbca-800e-422f-b0db-3722f72ea1da,123,278,23837.100000000024,33.566274585365846,-117.7363338699187,0.43160277109989,9755.67084532374,3313071.0,Medium
RouteID_774c1a3f-8954-4f97-9549-8f7d47b5cfa7,161,233,12658.699999999999,34.14435108695652,-117.23108191925468,1.429770943727027,8538.60543776824,3313071.0,Medium
RouteID_4673173f-cb2a-47c4-9bab-bbb7b46e83ba,140,223,16514.300000000003,34.14082979285714,-117.86405973571429,0.7771469348898525,11297.177739910314,3313071.0,Medium
RouteID_ebc10f14-664d-480b-ad3f-eb56fb11e1fa,156,278,14820.49999999999,42.00600385897436,-87.81022935256411,0.6660725231696072,11897.34964028777,3313071.0,Medium
RouteID_d96b885a-bab3-43fc-a0f9-dd6f7547bd7b,161,237,15963.299999999996,33.94347983850932,-117.21139396273291,1.794877607517653,10447.403383966246,3313071.0,Medium
RouteID_5b2828e3-f862-4a42-80ef-a6e184ee1922,188,246,11791.299999999997,34.08642759042554,-117.33834471808511,1.045894546487675,8433.235735772358,3313071.0,Medium
RouteID_ae61a612-e313-4867-aab2-462827e77146,113,239,15032.399999999987,34.14389928318584,-118.42631651327433,0.6743473424951971,13211.673912133892,3313071.0,Medium
RouteID_57104be2-a333-4721-91a7-42c0a4957124,160,239,13018.600000000011,42.086601675,-88.06478640625001,0.9489752200671333,13455.457711297071,4247527.0,Medium
RouteID_11ff0b06-87ec-4755-a731-2a2c3dfd45a4,129,227,15113.099999999986,33.911229201550384,-117.85108527906978,1.124666145701765,11080.986229074892,3313071.0,High
RouteID_21796b50-b19a-4d08-933b-96fd3faab328,148,219,13222.400000000003,34.046539020270274,-117.76846800675678,1.204340049161778,10041.236497716893,3313071.0,Medium
RouteID_d98874fe-e47d-4121-ac7f-588ca9eb9b6a,194,259,15392.900000000001,41.61780371649485,-88.15025796907217,1.0470309335607266,10207.939938223939,3313071.0,Medium
RouteID_5f9e2b55-0d2d-4604-9914-2f7ee9ce4d93,150,248,13096.699999999979,42.43681091333333,-71.04711652,0.5402847785250613,13258.50878629032,3313071.0,Medium
RouteID_0ee35cc6-e564-47d0-a3e4-f8a1c3a14622,144,215,15878.499999999993,47.27724355555555,-122.52608098611114,1.199479050226947,9954.559795348836,4247527.0,Medium
RouteID_00f9c249-33cd-4124-9cf2-b970b157a5ca,145,223,15794.499999999996,33.85712452413793,-117.9644618551724,0.8360063106556965,9580.605282511211,3313071.0,High
RouteID_74298fb3-cd50-40af-b48c-d89f99f30dd1,185,255,10896.599999999999,42.38772133513513,-71.52717541081081,2.214212858792634,9952.319094117647,3313071.0,Medium
RouteID_2e99e6e2-f0d3-48c4-a948-f4e3907a42a3,163,226,17201.8,47.493269815950924,-122.35292079141104,0.9444912380134043,11657.875097345135,3313071.0,Medium
RouteID_da732463-3ae6-4f43-80e8-ffb70cd62acb,136,188,15197.300000000005,41.9346478382353,-71.29161633088235,1.6229690780371746,14173.19400531915,4247527.0,Medium
RouteID_5aba8abc-16d8-4d96-8ab0-db12cc6e1927,187,255,12664.399999999994,33.97011452941176,-117.44404731550802,1.8490810312517918,9912.729607843137,3313071.0,Medium
RouteID_fdf39434-8bd9-47c5-ae35-c9c3e252e370,171,258,22910.000000000007,33.98335838011696,-118.32705447953217,1.28386092591779,8422.234856589146,3313071.0,Medium
RouteID_99e946dc-f583-48ea-8b4b-d5c100e7548f,151,203,13866.299999999996,47.48365737086092,-122.28980375496691,1.0690419568208922,9762.72233497537,3313071.0,Medium
RouteID_bd568907-0a28-469e-a685-3a249d0b5ada,192,277,14163.299999999997,33.840088234375,-117.58436683333333,0.7719243332035282,11310.374148014442,3313071.0,High
RouteID_f21c3280-9979-4866-a3be-5c3bf533f6aa,141,288,22009.89999999999,33.69518331914894,-117.75003702127658,0.5012345446807431,9181.499052083333,4247527.0,High
RouteID_948cde07-f266-4943-9c04-946fa788a934,175,242,12901.899999999998,47.41550286857143,-122.32331229142856,0.9996779734108329,9862.205210743801,3313071.0,High
RouteID_c1acca9b-61d4-4cd8-9165-063e172244d7,134,170,11775.300000000005,42.29924962686567,-71.5650502238806,2.700066147246775,13455.831852941177,4247527.0,Medium
RouteID_03158a7e-a045-4278-b8e7-8f8998697ecd,160,245,18697.500000000004,33.76643059375,-118.01972900625,0.8045310402632412,10819.363118367346,3313071.0,Medium
RouteID_1adcd5b6-0ad8-4349-8acb-6fa7b4e04fbf,177,231,13684.100000000002,33.90715030508474,-117.51997828248588,1.5879428728556104,11232.326900432903,3313071.0,High
RouteID_ed528f3c-689a-4875-b432-7d55063a5b41,144,215,15810.199999999993,34.25926722916667,-118.46168477777776,0.8794353459769249,9188.114344186048,3313071.0,Medium
RouteID_338b12bd-11b2-4ee0-8b53-f34d617fa763,150,236,19884.199999999997,42.42685806,-71.03940395333333,0.8800517795094994,13980.864720338983,3313071.0,Medium
RouteID_bbdef07a-cdfa-45d1-81c5-50024299d073,108,236,18883.40000000001,47.66764224074074,-122.3114613148148,0.4509580354586897,10579.506105932202,4247527.0,High
RouteID_0be0c72e-605e-4417-ba4b-673da933ff69,172,224,11506.599999999995,42.18768238953489,-71.6909292732558,2.4435554008179534,10923.162388392857,3313071.0,High
RouteID_80b697ae-840b-4d3c-91a4-f87703fa9526,105,266,21650.899999999972,41.883161904761906,-87.79292299047619,0.7193604694270455,10975.434045112783,3313071.0,High
RouteID_c8e6a5b0-2bc6-4d23-807f-ef27ddc2c85c,175,249,17210.800000000003,33.82374337142857,-117.94379258857141,0.9165513411534744,8870.124064257028,3313071.0,Medium
RouteID_bdef36d1-a2db-4661-a1dc-615d30344a7a,155,268,15574.099999999986,33.90671490967741,-117.82937715483872,0.9458997366646834,10686.601552238806,3313071.0,Medium
RouteID_333dbf90-d6f6-43da-b8fa-d7da4449f597,143,239,15175.99999999999,42.314703972027964,-71.39814537062936,1.1692845615275993,9409.370301255232,4247527.0,Medium
RouteID_954402f1-b794-43f2-a51f-f7a19106da85,158,212,14662.399999999998,42.344058329113935,-71.55483368354432,1.1945505787443687,10263.778132075473,3313071.0,Medium
RouteID_2d83827e-d6b9-44a8-a631-532e7cc52cbc,121,190,12634.9,47.23092632231405,-122.41342590082645,1.189885530836614,16476.289657894737,4247527.0,Medium
RouteID_0e2bd841-c72d-43b7-a296-af3637d00307,127,253,16307.400000000007,34.09842441732284,-118.28234225984255,0.5463726824516006,12473.381612648222,3313071.0,High
RouteID_6a59472a-e70b-4f8d-aed6-a93840a27cbe,89,240,19871.099999999973,34.060760932584266,-118.43499793258427,0.4787954141729201,11926.239758333333,3313071.0,High
RouteID_7ed304db-2df3-4dc5-88a0-8f5c4fb367af,155,243,14525.79999999999,34.14181223225806,-117.84423705161288,0.9467611101798754,8943.45838271605,3313071.0,Medium
RouteID_0da56f16-616e-425d-8680-66aaa5528579,130,238,18323.199999999997,42.2830384076923,-71.11850921538462,0.8752581543834569,13776.721285714284,3313071.0,High
RouteID_7c234060-cc71-49a6-bbef-3dbe535a657b,189,245,12826.800000000003,42.16204457671958,-71.31366165079365,2.659937588554969,10366.477118367347,4247527.0,Medium
RouteID_48610cd4-79a0-4191-b0d2-8ac3da3efd09,176,250,15234.800000000005,47.50107469886364,-122.36355455113636,1.006693754581078,9698.534612,3313071.0,Medium
RouteID_ea157aa5-eb7b-4d17-8229-0b6f207511ab,164,253,14572.499999999993,33.959695707317074,-117.59625232926831,0.9379098903605377,11212.430533596838,3313071.0,Medium
RouteID_5681dca6-48d8-48b1-b481-f1e31b03a3ed,134,216,14023.200000000003,34.12179105970149,-117.44244329104478,1.1936057773564948,9563.287245370371,3313071.0,Medium
RouteID_e4982061-58e3-4566-8c41-5dd667086e3a,192,274,13740.5,41.93702390625,-88.17036936979167,1.9880509586186925,9662.995317518247,4247527.0,Medium
RouteID_254c845f-d944-4ebc-ac96-3995d7c819c9,156,225,14455.400000000003,42.20830805769231,-88.38379467948718,1.793744139504729,12301.430635555556,4247527.0,Medium
RouteID_7adf662f-d2bb-4eca-983d-0e107630fd4e,159,194,13587.800000000003,42.16301108805031,-71.54447289308177,1.5259859325287015,12158.981221649483,3313071.0,Medium
RouteID_c149ec69-3df1-4fdf-b93e-4b452851a66e,180,245,13642.500000000007,41.667821849999996,-87.54468955555556,2.5659024575196923,10345.625216326533,3313071.0,Medium
RouteID_d4f5b888-0b6f-4d9b-a2be-847fdaa37560,101,160,10352.400000000001,34.08234467326733,-118.40399936633663,0.8723834648871432,20112.140193749998,3313071.0,Medium
RouteID_354b50cb-d204-4e21-b723-1e561903eae3,188,261,11938.8,41.74858071808511,-88.15082657446808,0.9056057732994708,10365.637068965518,3313071.0,Medium
RouteID_51ddfbc6-4dd8-4c59-9dfa-dbec0ebc5eb8,139,252,17315.799999999992,33.64862739568345,-117.6653591438849,0.9108988212925714,9658.322988095239,4247527.0,High
RouteID_37ecfebe-967c-4be1-9392-04c273fa951e,143,235,16941.59999999999,33.966003601398604,-117.7489396853147,1.2969365919608697,10610.024748936168,3313071.0,Low
RouteID_3d1c19b1-7ba6-4325-946f-222069688a0d,171,277,17184.30000000001,34.14325807602339,-117.62606761988303,1.2088686294373074,11813.168963898916,3313071.0,Medium
RouteID_902524fa-2422-49f5-a13a-3f9cddfa70ef,178,279,18645.200000000008,42.014790764044946,-87.8640197247191,1.2228711794895728,11011.683189964157,3313071.0,Medium
RouteID_085ed7bf-c737-4dea-9b99-ce3fbc274bdc,144,223,19310.59999999999,34.10805011111111,-117.60751007638889,0.8564559771204588,10089.617201793722,3313071.0,Medium
RouteID_3df6516d-3deb-448f-a524-c88aee03452d,144,223,20409.1,33.52670260416667,-117.68469544444444,1.3507830267024863,10089.364304932733,3313071.0,High
RouteID_73ba4b08-0278-4153-ba1b-a2673c0bddda,170,240,17095.80000000001,41.67130678823529,-88.12489120588235,1.8659334393378741,11529.4526125,3313071.0,Medium
RouteID_8ff673d3-7ba9-47bc-b69a-b6600e4d8759,160,233,12964.599999999988,33.59651641875,-117.58264198124998,1.2714618431717963,11817.730180257511,3313071.0,High
RouteID_e59479d1-089a-434f-a597-dad05c35473d,102,257,18117.0,42.336804676470585,-71.03574903921569,0.39171262633807297,9849.450225680934,4247527.0,High
RouteID_fc079256-f052-4eea-8286-53b6c4edde7d,167,248,13119.900000000014,33.917145784431135,-117.98211152694608,0.9478436634439754,8276.354262096773,3313071.0,High
RouteID_56382178-95dc-498f-889f-bbd9abe8a8e4,187,282,13111.700000000012,33.87248267914438,-117.45365528342245,1.4132211138529938,11437.529315602837,3313071.0,Medium
RouteID_36cb762d-6c25-4e74-aab4-c6508ed80bdc,102,225,17033.699999999993,33.77086779411765,-117.86078066666668,0.6176620362232148,10777.82512,3313071.0,Medium
RouteID_f0d794e4-6d15-456c-b43b-c07b701ac860,178,250,16448.699999999997,42.114483848314606,-87.93871400561797,1.2587420669789142,10233.649,3313071.0,Medium
RouteID_27239d73-421c-471c-9d51-f97ead3ef44c,159,238,10069.300000000003,33.72314347798743,-117.01206031446542,1.03200652935203,8373.368962184873,3313071.0,Medium
RouteID_85415126-444f-47dd-b32b-7275ab2717b4,106,242,17941.900000000005,41.93138174528302,-87.70308463207549,0.4920348820844793,12199.769991735538,3313071.0,High
RouteID_0ccdd302-3cfb-4d70-9841-22f3edb3716c,165,258,16984.700000000004,30.180945945454546,-97.82480364848486,1.0241919160009467,11278.906364341085,4247527.0,Medium
RouteID_a3736924-e224-43a2-8941-35c14a6d607e,163,226,14371.300000000003,33.793715233128836,-117.98186371165646,0.822990614345894,9471.288314159292,3313071.0,Medium
RouteID_4c7ff8bc-4533-448b-a253-0c502571ec76,106,277,17872.799999999985,33.736928509433966,-117.75986176415094,0.5929908549453509,10905.322527075812,3313071.0,High
RouteID_4497ac23-a8f7-4717-b598-47c2a72e6617,147,263,17834.10000000001,33.89836218367347,-117.91413791836736,0.8063531868550249,9707.362494296576,3313071.0,High
RouteID_a02de582-88ca-49da-bf2a-51814398c196,143,229,13236.899999999998,34.14200271328672,-117.84540402097902,0.8368196541722714,11436.301152838429,3313071.0,Medium
RouteID_79e40cf5-96ca-4751-be87-8d69b61ad51c,198,298,17036.799999999996,42.282650095959596,-87.95068841919192,1.0684651917914694,10513.38288590604,3313071.0,High
RouteID_693060a6-88bb-4324-9e9c-925d5240263c,167,237,14498.900000000003,47.509228922155685,-122.36673770658683,1.0850649990962664,10062.810016877636,3313071.0,High
RouteID_4e5a3902-45ef-458b-994f-078abde86dd6,172,255,17020.800000000003,41.75001099418605,-88.00672469186047,1.4587448504965705,11675.151866666665,3313071.0,Medium
RouteID_4ccc8f33-d04b-47de-8465-0b5c3a96d5e2,114,208,18151.799999999996,47.692895824561404,-122.31442292105265,0.6282961526548703,9591.771336538462,4247527.0,High
RouteID_07e31b9c-198c-4a2d-aee8-9c5dab86b782,66,171,17802.40000000001,34.10946477272727,-118.3433793030303,0.5588385080253974,10627.418339181286,3313071.0,High
RouteID_e2646e59-35ad-45fe-9883-d1a9e35926a4,74,249,23466.299999999996,41.94998720270271,-87.6636619054054,0.30551834019073587,11582.929626506024,3313071.0,High
RouteID_42b3561b-d2f6-47c2-9e19-0810688239ee,140,218,17320.600000000006,33.93867654285714,-117.9608369857143,0.9040466747704096,10464.137802752291,3313071.0,High
RouteID_8ac9fd43-fa6d-4849-8a7f-e4dc225c4f97,142,232,16712.800000000014,33.47506806338028,-117.68727890140846,0.6680006166666397,9725.708693965516,3313071.0,Medium
RouteID_721eb5a6-2aa7-4778-861f-5fef4956993c,148,241,17572.300000000003,30.349099966216222,-97.76713247297297,0.8105093002894274,12030.284647302902,4247527.0,Medium
RouteID_605c8c3f-1bb5-413a-9e7a-2ffdb459a223,156,270,18392.49999999998,47.773584391025636,-122.22789374999999,1.0086437604579697,11319.57084074074,3313071.0,Medium
RouteID_18bde751-16b3-4394-a137-ad9c99039e43,160,224,18986.3,34.19732233125,-117.35301694375,0.8994476108529736,9613.676589285713,3313071.0,High
RouteID_60702e3c-0c3d-45db-9525-c6e01932c005,129,186,17153.300000000003,42.02791489147287,-71.21758158914729,1.0533963079916049,11261.237306451612,4247527.0,Medium
RouteID_7a392304-fabd-403f-9932-9eb6416472cf,137,205,16604.1,47.43927051824817,-122.20727052554744,1.367531360119504,11179.25919512195,3313071.0,High
RouteID_dbf1d461-10ae-41f8-9a6c-34f9e2935f2f,121,197,20845.6,33.82237281818182,-118.00552763636364,0.9543229255942687,10119.363065989848,3313071.0,Medium
RouteID_af53d6f8-537b-4605-a089-9f66bccb7ca9,196,266,11807.900000000001,41.71088162244898,-88.25099663265306,1.0722416933030532,10873.805357142859,3313071.0,Medium
RouteID_8b3e94ea-1f8d-448f-8391-a7352899281f,182,294,17200.39999999999,33.5476551978022,-117.16412896153845,0.7115487995008464,10502.876119047618,4247527.0,High
